id,catalogNumber,institutionCode,specificEpithet,year,month,county,decimalLatitude,decimalLongitude,selected,nearest_id,nearest_km,cohort,sampled,nearest_sampled
4075140,,CDA,raphanistrum,2018,5,Los Angeles,34.09151,-118.02066,y,712565,11.52316401,new,n,n
4095393,CDA-0019431,CDA,sativus,2002,5,Sacramento,38.5464,-121.2275,y,1368001,8.27230167,new,n,n
4095402,CDA-0035804,CDA,sativus,2007,3,Sacramento,38.54,-121.0439,y,1368001,23.33921869,new,n,n
4095406,CDA-0003830,CDA,sativus,2005,6,Solano,38.0733,-122.2603,y,2197161,2.805591969,new,n,n
4095408,CDA-0003832,CDA,sativus,2005,6,Solano,38.0733,-122.2603,y,2197161,2.805591969,new,n,n
4074850,CDA-0047964,CDA,raphanistrum,2017,6,Yolo,38.574192,-121.5184,y,4095407,2.279888338,new,n,n
4074851,CDA-0047965,CDA,raphanistrum,2017,6,Yolo,38.574192,-121.5184,y,4095407,2.279888338,new,n,n
4074852,CDA-0047966,CDA,raphanistrum,2017,6,Yolo,38.574192,-121.5184,y,4095407,2.279888338,new,n,n
4095399,CDA-0030837,CDA,sativus,2009,11,Sacramento,38.4825,-121.4703,y,4095407,10.43926163,new,n,n
4095410,CDA-0043867,CDA,sativus,2010,4,Solano,38.495,-121.7092,y,4095407,20.89395495,new,n,n
4095411,CDA-0043873,CDA,sativus,2010,4,Solano,38.495,-121.7092,y,4095407,20.89395495,new,n,n
4095407,CDA-003831,CDA,sativus,1932,6,Sacramento,38.574947,-121.492255,y,4074850,2.279888338,old,n,n
4095417,,CDA,sativus,1932,7,Sacramento,38.574947,-121.492255,y,4074850,2.279888338,old,n,n
1368009,DAV310425,DAV,sativus,2007,3,Sacramento,38.54,-121.043889,y,1368001,23.34016629,new,n,n
1368001,DAV310417,DAV,sativus,1932,6,Sacramento,38.50734,-121.30829,y,4095393,8.27230167,old,n,n
2197161,DAV310433,DAV,sativus,1931,4,Solano,38.09821761,-122.2549335,y,4095406,2.805591969,old,n,n
5371810,LA00629274,LA,sativus,2022,4,Los Angeles,34.0732491,-118.4543334,y,981549,8.581612301,new,n,n
5217104,LA00647863,LA,sativus,2021,11,Los Angeles,34.037157,-118.42322,y,3904069,7.558401598,new,n,n
3904069,LA00606050,LA,raphanistrum,1932,4,Los Angeles,34.02357,-118.34302,y,5217104,7.558401598,old,n,n
5799408,LOB102934,LOB,sativus,2023,4,Orange,33.516,-117.612,y,983573,11.31234034,new,n,n
5563117,LOB107937,LOB,sativus,2018,4,Los Angeles,33.7572397,-118.1370103,y,1110606,11.15786091,new,n,n
5732610,LOB102272,LOB,sativus,2019,3,Los Angeles,33.8063,-118.1791,y,1110606,14.39642411,new,n,n
5561921,LOB107913,LOB,sativus,2018,4,Los Angeles,33.960846,-117.950619,y,3539396,10.45665541,new,n,n
6048990,,MACF,sativus,2023,7,Orange,33.89613,-117.92513,y,3539396,5.915577977,new,n,n
1239382,,RSA,sativus,2005,2,San Diego,32.7711944,-117.2256944,y,468965,3.853732616,new,n,n
646907,,RSA,sativus,2004,4,Orange,33.4938889,-117.5738889,y,468978,12.50545139,new,n,n
974876,,RSA,sativus,2001,1,Los Angeles,34.1742222,-118.1671111,y,712565,4.830610771,new,n,n
1038144,RSA0088406,RSA,sativus,2010,2,Los Angeles,34.2722222,-118.3658333,y,981549,17.87478031,new,n,n
693888,RSA0081376,RSA,sativus,2010,3,Los Angeles,34.27417,-118.37306,y,981549,18.0776028,new,n,n
922570,RSA0081381,RSA,sativus,2010,3,Los Angeles,34.27417,-118.37306,y,981549,18.0776028,new,n,n
996141,,RSA,sativus,2008,4,Orange,33.4613889,-117.7119444,y,983573,0.226325767,new,n,n
712565,,RSA,sativus,1923,2,Los Angeles,34.152867,-118.121454,y,974876,4.830610771,old,n,n
983573,,RSA,sativus,1933,4,Orange,33.4605556,-117.7141667,y,996141,0.226325767,old,n,n
1110606,,RSA,sativus,1932,0,Los Angeles,33.7930556,-118.0244444,y,5563117,11.15786091,old,n,n
131645,SBBG187496,SBBG,raphanistrum,2015,3,Santa Barbara,34.0074,-120.0516,y,65108,0.631987322,new,n,n
84330,SBBG213817,SBBG,sativus,2003,4,San Diego,32.6903,-117.2492,y,468965,5.488419925,new,n,n
5967039,SBBG245291,SBBG,raphanistrum,2012,2,Los Angeles,33.0273,-118.5884,y,3553698,16.35921312,new,n,n
65108,SBBG155527,SBBG,sativus,1932,5,Santa Barbara,34.0059,-120.0582,y,131645,0.631987322,old,n,n
3963072,SD00039725,SD,sativus,2017,3,San Diego,32.84053,-117.2472,y,468976,4.022306891,new,n,n
469161,SD00062700,SD,sativus,2011,8,San Diego,32.84183,-117.28159,y,468976,5.210019853,new,n,n
469032,SD00062767,SD,sativus,2004,4,San Diego,32.8558,-117.2219,y,468976,6.221620612,new,n,n
469162,SD00062699,SD,sativus,2011,5,San Diego,32.86423,-117.24777,y,468976,6.649760121,new,n,n
469169,SD00062781,SD,sativus,2014,5,San Diego,32.84617,-117.18384,y,468976,7.607696306,new,n,n
469080,SD00062692,SD,sativus,2006,2,San Diego,32.8661,-117.1844,y,468976,9.092121864,new,n,n
469089,SD00062689,SD,sativus,2006,7,San Diego,32.8908,-117.22,y,468976,9.952074442,new,n,n
469154,SD00062771,SD,sativus,2014,4,San Diego,33.43966,-117.56921,y,468978,6.500635763,new,n,n
469120,SD00062581,SD,sativus,2007,4,San Diego,33.23869,-117.39256,y,468981,6.465681361,new,n,n
469106,SD00062786,SD,sativus,2008,6,San Diego,33.27553,-117.37658,y,468981,6.903406483,new,n,n
469112,SD00062732,SD,sativus,2005,6,San Diego,33.16861,-117.35833,y,468981,7.736436018,new,n,n
469088,SD00062690,SD,sativus,2006,4,San Diego,33.2392,-117.2403,y,468981,7.809719056,new,n,n
469045,SD00062758,SD,sativus,2005,1,San Diego,32.8323,-117.0994,y,468989,6.529565962,new,n,n
469171,SD00062779,SD,sativus,2014,4,San Diego,32.90667,-117.07806,y,468989,14.85227981,new,n,n
469158,SD00062804,SD,raphanistrum,2014,4,Sacramento,38.33611,-121.13944,y,1368001,24.05612334,new,n,n
3113069,SD00023693,SD,sativus,2017,5,San Diego,33.01147,-117.17052,y,1368057,3.168664493,new,n,n
469150,SD00062704,SD,sativus,2009,4,San Diego,33.05389,-117.22556,y,1368057,4.292165214,new,n,n
469056,SD00062751,SD,sativus,2005,3,San Diego,33.0253,-117.1275,y,1368057,7.055349388,new,n,n
469087,SD00062587,SD,sativus,2005,8,San Diego,32.9372,-117.1389,y,1368057,10.97960103,new,n,n
469074,SD00062643,SD,sativus,2005,3,San Diego,32.964,-117.0705,y,1368057,13.84935501,new,n,n
469076,SD00062642,SD,sativus,2005,6,San Diego,32.9416,-117.0873,y,1368057,13.88015688,new,n,n
469030,SD00062661,SD,sativus,2003,6,San Diego,32.81611,-116.76,y,2366615,13.84829393,new,n,n
469068,SD00062560,SD,raphanistrum,2004,4,San Diego,32.9734,-116.5727,y,2366615,18.85972049,new,n,n
3774848,SD00033973,SD,raphanistrum,2012,2,Los Angeles,33.0273,-118.5884,y,3553698,16.35921312,new,n,n
3774849,SD00033974,SD,raphanistrum,2012,2,Los Angeles,33.0273,-118.5884,y,3553698,16.35921312,new,n,n
468965,SD00062745,SD,sativus,1935,6,San Diego,32.73946,-117.24245,y,1239382,3.853732616,old,n,n
390689,SDSU16487,SDSU,sativus,2005,3,San Diego,33.2675,-117.23306,y,468981,9.315944138,new,n,n
388498,SDSU14182,SDSU,sativus,2002,4,Riverside,33.45639,-117.16944,y,884140,8.921469818,new,n,n
611759,SFV104580,SFV,sativus,2001,1,Los Angeles,34.17422222,-118.1671111,y,712565,4.830611858,new,n,n
3611826,,SHTC,raphanistrum,2016,4,San Joaquin,37.772235,-121.176486,y,4940224,20.48431048,new,n,n
3612398,,SHTC,raphanistrum,2016,4,Stanislaus,37.463993,-121.166285,y,4940224,23.61921472,new,n,n
3553698,UC557711,UCJEPS,raphanistrum,1936,4,Los Angeles,32.9,-118.5,y,5967039,16.35921312,old,n,n
3539396,UC1543096,UCJEPS,sativus,1936,5,Orange,33.870014,-117.980883,y,6048990,5.915577977,old,n,n
1578414,UCR0083364,UCR,sativus,2005,6,San Diego,33.16861,-117.35833,y,468981,7.736436018,new,n,n
1603927,UCR0083399,UCR,sativus,2007,3,Sacramento,38.54,-121.04389,y,1368001,23.34008015,new,n,n
4058869,65350,UNLV,sativus,2012,3,Yolo,38.677222,-121.670278,y,4095407,19.21512923,new,n,n
4940224,US 2000728,US,sativus,1935,2,Stanislaus,37.63949,-121.0151,y,3618936,19.03967317,old,n,n
2966793,YOSE225087,YM,raphanistrum,2009,7,Mariposa,37.740601,-119.603385,y,2970754,1.732298903,new,n,n
2970754,YOSE65260,YM,sativus,1927,6,Mariposa,37.726438,-119.611642,y,2966793,1.732298903,old,n,n
2338864,74333,CAS,sativus,1936,7,San Luis Obispo ,35.36771,-120.84492,y,2252335,4.231522907,old,y,n
2449627,74280,CAS,sativus,1932,1,Los Angeles ,34.11712,-117.86652,y,3841582,5.11322921,old,y,n
2134739,CHSC114899,CHSC,sativus,2009,11,Sacramento,38.4825,-121.470278,y,4095407,10.4396136,new,y,n
1336457,DAV300678,DAV,raphanistrum,2009,4,Yolo,38.64144812,-121.7218696,y,4095407,21.3188323,new,y,n
1336458,DAV310437,DAV,raphanistrum,2009,4,Yolo,38.64144812,-121.7218696,y,4095407,21.3188323,new,y,n
3792179,FSC0010464,FSC,raphanistrum,1940,4,Madera,36.876597,-119.791727,y,4095384,14.19105121,old,y,n
202449,OBI101734,OBI,raphanistrum,2001,5,San Luis Obispo,35.32604,-120.75759,y,2772133,2.134263594,new,y,n
83203,SBBG213838,SBBG,sativus,1928,4,Los Angeles,34.146,-118.211,y,613793,1.920644471,old,y,n
469175,SD00062722,SD,sativus,2012,2,San Diego,32.773,-117.221,y,468965,4.227968293,new,y,n
469038,SD00062686,SD,sativus,2003,4,San Diego,32.69028,-117.24917,y,468965,5.490299668,new,y,n
469163,SD00062698,SD,sativus,2012,2,San Diego,32.8143,-117.25377,y,468976,1.22977826,new,y,n
469152,SD00062702,SD,sativus,2014,4,San Diego,33.42007,-117.57031,y,468978,4.325582818,new,y,n
469113,SD00062733,SD,sativus,2007,5,San Diego,33.24587,-117.27584,y,468981,4.714700712,new,y,n
469114,SD00062734,SD,sativus,2006,7,San Diego,33.21111,-117.37611,y,468981,5.410392647,new,y,n
5934188,SD00083704,SD,sativus,2023,5,San Diego,33.2084,-117.3899,y,468981,6.706750907,new,y,n
469157,SD00062726,SD,sativus,2008,5,San Diego,33.0151,-117.214,y,1368057,1.195425816,new,y,n
3620051,SD00025459,SD,sativus,2017,4,San Diego,33.00921,-117.2255,y,1368057,2.452346875,new,y,n
469085,SD00062638,SD,sativus,2005,4,San Diego,32.8081,-116.6589,y,2366615,4.343718777,new,y,n
469151,SD00062705,SD,sativus,2011,5,San Diego,32.9583,-116.6516,y,2366615,17.20532503,new,y,n
469067,SD00062648,SD,sativus,2005,5,San Diego,32.972,-116.5693,y,2366615,18.77354976,new,y,n
469069,SD00062559,SD,raphanistrum,2004,5,San Diego,32.9734,-116.5727,y,2366615,18.85972049,new,y,n
468996,SD00062799,SD,sativus,1931,4,Los Angeles,33.92241,-118.42313,y,5976409,3.493447672,old,y,n
389892,SDSU15680,SDSU,sativus,2003,4,San Diego,32.69028,-117.24917,y,468965,5.490299668,new,y,n
3349335,JEPS127092,UCJEPS,raphanistrum,2016,4,Contra Costa,37.825822,-121.759406,y,1110471,23.93972945,new,y,n
3400832,JEPS111867,UCJEPS,sativus,2004,6,Solano,38.131389,-122.223333,y,2197161,4.608320434,new,y,n
3433650,UC1126749,UCJEPS,sativus,1935,4,Santa Cruz,36.9975,-122.1356,y,240127,6.154912923,old,y,n
3499442,JEPS53815,UCJEPS,sativus,1927,5,San Diego,33.12177,-117.06739,y,469086,4.211600292,old,y,n
3444193,UC596419,UCJEPS,raphanistrum,1935,1,Stanislaus,37.7665732,-120.8471132,y,3618669,19.41476148,old,y,n
3262100,UC765025,UCJEPS,raphanistrum,1935,1,Stanislaus,37.6390744,-120.9968354,y,3618936,17.79838382,old,y,n
3335398,UC765016,UCJEPS,sativus,1935,2,Stanislaus,37.6390744,-120.9968354,y,3618936,17.79838382,old,y,n
3306212,UC1126752,UCJEPS,sativus,1935,5,Santa Cruz,37.053074,-122.194561,y,3641757,2.760325988,old,y,n
3310288,UC606739,UCJEPS,sativus,1936,4,Contra Costa,37.926667,-122.433333,y,4095406,22.26827778,old,y,n
3293792,UC1126754,UCJEPS,sativus,1936,3,San Luis Obispo,35.26672,-120.624855,y,4095416,4.734446325,old,y,n
1606153,UCR0083333,UCR,sativus,2007,3,Los Angeles,34.16389,-118.02194,y,712565,9.257585147,new,y,n
1548194,UCR0083344,UCR,sativus,2003,5,Riverside,33.56556,-117.11833,y,884140,5.909767579,new,y,n
1699178,UCR0083323,UCR,sativus,2017,3,Los Angeles,34.12569,-118.34367,y,981549,3.171077125,new,y,n
1675351,UCR0083329,UCR,sativus,2010,2,Los Angeles,34.27222,-118.36583,y,981549,17.87454817,new,y,n
1676594,UCR0083326,UCR,sativus,2010,2,Los Angeles,34.27222,-118.36583,y,981549,17.87454817,new,y,n
1675373,UCR0083327,UCR,sativus,2010,3,Los Angeles,34.27417,-118.37306,y,981549,18.0776028,new,y,n
1675381,UCR0083328,UCR,sativus,2010,3,Los Angeles,34.27417,-118.37306,y,981549,18.0776028,new,y,n
1635838,UCR0083340,UCR,sativus,2003,1,Orange,33.63972,-117.84528,y,983573,23.30569361,new,y,n
1654175,UCR0083397,UCR,sativus,2012,2,Sacramento,38.57083,-121.13056,y,1368001,17.02298478,new,y,n
1671160,UCR0083398,UCR,raphanistrum,2014,4,Sacramento,38.33611,-121.13944,y,1368001,24.05612334,new,y,n
1654228,UCR0083408,UCR,sativus,2012,3,Yolo,38.67722,-121.67028,y,4095407,19.21513874,new,y,n
1660287,UCR0083406,UCR,sativus,2010,4,Solano,38.495,-121.70917,y,4095407,20.89158695,new,y,n
1660296,UCR0083405,UCR,sativus,2010,4,Solano,38.495,-121.70917,y,4095407,20.89158695,new,y,n
2772133,550643,CAS,sativus,1937,3,San Luis Obispo ,35.32574,-120.73412,y,202449,2.134263594,old,n,y
2366615,74232,CAS,sativus,1927,4,San Diego,32.8067,-116.61255,y,469085,4.343718777,old,n,y
4095387,CDA-0008344,CDA,sativus,2007,3,San Diego,33.2438,-117.4261,y,468973,5.264221667,new,n,y
4095409,CDA-0043702,CDA,sativus,2012,5,San Diego,33.4497,-117.4203,y,468986,9.38409482,new,n,y
4095416,,CDA,sativus,2001,3,San Luis Obispo,35.294994,-120.663834,y,3293792,4.734446325,new,n,y
4085847,,CDA,sativus,2018,2,San Luis Obispo,35.2603,-120.6832,y,3293792,5.35664303,new,n,y
4095414,CDA-0049892,CDA,sativus,2017,2,San Luis Obispo,35.2652,-120.685,y,3293792,5.475299862,new,n,y
4095415,CDA-0049955,CDA,sativus,2017,2,San Luis Obispo,35.2669192,-120.6862836,y,3293792,5.589484004,new,n,y
4085988,,CDA,raphanistrum,2018,3,San Luis Obispo,35.26652,-120.68753,y,3293792,5.702908454,new,n,y
4084876,CDA-0043773,CDA,raphanistrum,2004,2,San Luis Obispo,35.0517,-120.525,y,3440200,7.140920648,new,n,y
4095384,CDA-0049159,CDA,raphanistrum,2016,2,Madera,36.985208,-119.875801,y,3792179,14.19105121,new,n,y
4095413,CDA-0049115,CDA,sativus,2016,2,Fresno,36.87833333,-119.5536111,y,3792179,21.229926,new,n,y
5776205,DAV243575,DAV,sativus,2007,4,San Mateo,37.181002,-122.383001,y,3306212,21.95561905,new,n,y
1368057,DAV310399,DAV,sativus,1930,5,San Diego,33.02028,-117.20278,y,469157,1.195425816,old,n,y
1368002,DAV310416,DAV,sativus,1929,3,Alameda,37.89552,-122.26519,y,3475357,15.2405979,old,n,y
1368035,DAV310410,DAV,sativus,1933,4,Alameda,37.87291,-122.25191,y,3475357,16.09119948,old,n,y
5329933,GMDRC7837,GMDRC,raphanistrum,2015,3,San Diego,32.6333,-116.923717,y,468990,10.29858327,new,n,y
5330424,GMDRC7833,GMDRC,sativus,2015,3,San Diego,32.6333,-116.923717,y,468990,10.29858327,new,n,y
630761,IRVC101210,IRVC,sativus,2004,12,San Diego,33.0953,-117.3139,y,468966,0.720733752,new,n,y
634491,IRVC101164,IRVC,raphanistrum,2003,5,San Diego,32.57278,-116.75778,y,468990,19.46969231,new,n,y
3904090,LA00606071,LA,sativus,1921,3,Alameda,37.873341,-122.238895,y,3475357,15.30548657,old,n,y
3123760,LOB102260,LOB,sativus,2019,5,Orange,33.595915,-117.484077,y,468986,23.23419741,new,n,y
2252335,OBI145924,OBI,sativus,2014,2,San Luis Obispo,35.333888,-120.823404,y,2338864,4.231522907,new,n,y
4620146,,OBI,sativus,2014,2,San Luis Obispo,35.333888,-120.823404,y,2338864,4.231522907,new,n,y
5760426,OBI183611,OBI,sativus,2022,2,San Luis Obispo,35.26449,-120.68484,y,3293792,5.463771783,new,n,y
3641757,OBI166658,OBI,raphanistrum,2019,7,Santa Cruz,37.04521,-122.224,y,3306212,2.760325988,new,n,y
3641756,OBI166657,OBI,sativus,2019,7,Santa Cruz,37.04735,-122.226,y,3306212,2.867836258,new,n,y
4562413,OBI148565,OBI,sativus,2017,12,Santa Barbara,34.421881,-119.879608,y,3525429,3.555074937,new,n,y
1024091,,RSA,sativus,2005,4,San Diego,32.9647,-117.2567,y,468967,3.347123187,new,n,y
977847,,RSA,sativus,2005,4,San Diego,32.9631,-117.25,y,468967,3.503899844,new,n,y
5800340,RSA0508289,RSA,sativus,2019,5,San Diego,33.31783,-117.43864,y,468973,3.76480936,new,n,y
1056531,,RSA,sativus,2001,6,San Diego,33.22518,-117.10087,y,468975,11.57645423,new,n,y
1156433,,RSA,sativus,2002,5,San Diego,33.22518,-117.10087,y,468975,11.57645423,new,n,y
1249156,,RSA,sativus,2002,5,San Diego,33.22518,-117.10087,y,468975,11.57645423,new,n,y
790470,RSA0041564,RSA,sativus,2014,5,San Diego,33.36119,-117.32249,y,468987,3.407312928,new,n,y
1191094,RSA0010464,RSA,sativus,2015,5,San Diego,33.327,-117.2664,y,468987,5.205786728,new,n,y
3815086,RSA0150929,RSA,sativus,2016,4,San Diego,33.32722,-117.26621,y,468987,5.221680829,new,n,y
3808605,RSA0146497,RSA,raphanistrum,2015,3,San Diego,32.6333,-116.9237167,y,468990,10.29857108,new,n,y
3805929,RSA0141056,RSA,sativus,2015,3,San Diego,32.6333,-116.9237167,y,468990,10.29857108,new,n,y
1171501,,RSA,raphanistrum,2003,5,San Diego,32.5666667,-116.7577778,y,468990,20.03062019,new,n,y
5976409,RSA0577830,RSA,sativus,2020,5,Los Angeles,33.949111,-118.443169,y,468996,3.493447672,new,n,y
6026439,RSA0618917,RSA,sativus,2020,5,Los Angeles,33.95189,-118.44,y,468996,3.622875181,new,n,y
3841582,RSA0196618,RSA,raphanistrum,2015,3,Los Angeles,34.1527778,-117.8313889,y,2449627,5.11322921,new,n,y
1201840,,RSA,raphanistrum,2003,5,Los Angeles,34.1752222,-117.8498056,y,2449627,6.626772549,new,n,y
1092827,,RSA,sativus,1940,3,Alameda,37.8585,-122.2773611,y,202480,16.66139726,old,n,y
945473,,RSA,sativus,1934,3,San Diego,33.38047,-117.57051,y,469119,1.744916081,old,n,y
884140,,RSA,sativus,1932,3,Riverside,33.5368,-117.1719,y,1548194,5.909767579,old,n,y
981549,,RSA,sativus,1930,5,Los Angeles,34.1112,-118.3733,y,1699178,3.171077125,old,n,y
1110471,,RSA,sativus,1930,4,Contra Costa,38.032614,-121.682031,y,3349335,23.93972945,old,n,y
1007750,,RSA,sativus,1935,3,Los Angeles,34.235923,-117.658744,y,5549192,13.7521063,old,n,y
3656309,,SBBG,sativus,2019,4,Santa Barbara,34.41528,-119.86679,y,3525429,3.619093001,new,n,y
469054,SD00062749,SD,sativus,2005,3,San Diego,33.09194,-117.29917,y,468966,2.048445534,new,n,y
469052,SD00062746,SD,sativus,2005,1,San Diego,33.1301,-117.3069,y,468966,3.471217992,new,n,y
469073,SD00062640,SD,sativus,2004,5,San Diego,33.14917,-117.29833,y,468966,5.731265914,new,n,y
469047,SD00062756,SD,sativus,2004,2,San Diego,32.9811,-117.23,y,468967,2.560557104,new,n,y
469049,SD00062684,SD,sativus,2005,4,San Diego,32.9647,-117.2567,y,468967,3.347123187,new,n,y
469050,SD00062709,SD,sativus,2005,4,San Diego,32.9631,-117.25,y,468967,3.503899844,new,n,y
469048,SD00062757,SD,sativus,2005,4,San Diego,32.9394,-117.2136,y,468967,7.109670782,new,n,y
469034,SD00062764,SD,sativus,2004,4,San Diego,32.93105,-117.23964,y,468967,7.149311686,new,n,y
5996911,SD00085680,SD,sativus,2023,5,San Diego,32.915,-117.24139,y,468967,8.889905501,new,n,y
469170,SD00062780,SD,sativus,2010,2,San Diego,32.5751,-117.01087,y,468968,7.252470939,new,n,y
469102,SD00062632,SD,sativus,2005,3,San Diego,33.1035,-117.2268,y,468970,5.550389336,new,n,y
469108,SD00062629,SD,sativus,2007,3,San Diego,33.075,-117.0025,y,468971,1.261181932,new,n,y
3113068,SD00023692,SD,sativus,2017,8,San Diego,33.06134,-116.98877,y,468971,2.319034011,new,n,y
469086,SD00062588,SD,sativus,2006,3,San Diego,33.1028,-117.0283,y,468971,4.099884307,new,n,y
3700298,SD00029906,SD,raphanistrum,2017,7,San Diego,33.05982,-117.03068,y,468971,4.380374336,new,n,y
469118,SD00062728,SD,sativus,2007,5,San Diego,33.08667,-116.90306,y,468971,8.312874219,new,n,y
469132,SD00062681,SD,sativus,2005,6,San Diego,33.08528,-116.90167,y,468971,8.434585135,new,n,y
469083,SD00062695,SD,sativus,2006,4,San Diego,33.0479,-116.9111,y,468971,8.446676647,new,n,y
469084,SD00062694,SD,sativus,2006,4,San Diego,33.0479,-116.9111,y,468971,8.446676647,new,n,y
469104,SD00062785,SD,sativus,2006,5,San Diego,32.9775,-116.9717,y,468971,11.75141268,new,n,y
469101,SD00062635,SD,sativus,2006,6,San Diego,32.9548,-117.0105,y,468971,14.22219412,new,n,y
469081,SD00062687,SD,sativus,2006,3,San Diego,32.9552,-116.9263,y,468971,15.34965307,new,n,y
3963071,SD00039724,SD,sativus,2019,4,San Diego,32.9535,-117.056,y,468971,15.46569661,new,n,y
469082,SD00062693,SD,sativus,2006,3,San Diego,32.9506,-117.0496,y,468971,15.5455143,new,n,y
469125,SD00062683,SD,sativus,2008,4,San Diego,32.93944,-116.97886,y,468971,15.86651157,new,n,y
469110,SD00062627,SD,sativus,2007,3,San Diego,33.30302,-117.47482,y,468973,2.834314989,new,n,y
3751457,SD00033054,SD,sativus,2019,5,San Diego,33.31783,-117.43864,y,468973,3.76480936,new,n,y
469109,SD00062652,SD,sativus,2007,3,San Diego,33.24381,-117.42605,y,468973,5.265397627,new,n,y
469098,SD00062637,SD,sativus,2008,2,San Diego,33.33556,-117.49028,y,468973,6.550432026,new,n,y
469121,SD00062651,SD,sativus,2008,3,San Diego,33.3466,-117.4378,y,468973,6.868838836,new,n,y
469071,SD00062645,SD,sativus,2005,6,San Diego,33.2324,-117.154,y,468975,8.296145594,new,n,y
469099,SD00062633,SD,sativus,2006,7,San Diego,33.2492,-117.1386,y,468975,10.6480819,new,n,y
469051,SD00062708,SD,sativus,2005,4,San Diego,33.2625,-117.158,y,468975,10.95505071,new,n,y
469041,SD00062580,SD,sativus,2004,4,San Diego,33.2672,-117.1278,y,468975,12.84913143,new,n,y
469066,SD00062647,SD,sativus,2005,6,San Diego,32.5616,-117.1235,y,468983,3.449233996,new,n,y
469133,SD00062680,SD,sativus,2009,4,San Diego,32.8272,-117.01898,y,468984,6.398189047,new,n,y
469134,SD00062777,SD,sativus,2009,3,San Diego,32.85761,-116.95495,y,468984,6.990440185,new,n,y
469130,SD00062654,SD,sativus,2008,3,San Diego,32.86889,-116.96757,y,468984,8.221083061,new,n,y
469172,SD00062778,SD,sativus,2006,6,San Diego,32.86,-116.9178,y,468984,8.340505739,new,n,y
469039,SD00062763,SD,sativus,2003,4,San Diego,32.82361,-116.865,y,468984,9.66018775,new,n,y
469117,SD00062727,SD,sativus,2006,12,San Diego,32.80866,-116.85815,y,468984,9.881070399,new,n,y
469090,SD00062688,SD,sativus,2006,6,San Diego,32.8479,-116.8612,y,468984,11.15030258,new,n,y
469131,SD00062558,SD,raphanistrum,2008,5,San Diego,32.88194,-116.90083,y,468984,11.24303627,new,n,y
469060,SD00062748,SD,sativus,2005,2,San Diego,32.9374,-116.9842,y,468984,15.93605328,new,n,y
469035,SD00062765,SD,sativus,2004,3,San Diego,32.9253,-117.0539,y,468984,16.80928477,new,n,y
469057,SD00062750,SD,sativus,2005,4,San Diego,32.9283,-117.0519,y,468984,17.00329266,new,n,y
469141,SD00062773,SD,sativus,2011,6,San Diego,33.34861,-117.02778,y,468985,5.167856389,new,n,y
469142,SD00062772,SD,sativus,2011,6,San Diego,33.34861,-117.02778,y,468985,5.167856389,new,n,y
469124,SD00062787,SD,sativus,2008,3,San Diego,33.41278,-117.21639,y,468986,10.05722213,new,n,y
469155,SD00062770,SD,sativus,2014,5,San Diego,33.36119,-117.32249,y,468987,3.407312928,new,n,y
469153,SD00062703,SD,sativus,2014,4,San Diego,33.29219,-117.31972,y,468987,4.251711149,new,n,y
469122,SD00062582,SD,sativus,2009,4,San Diego,33.29185,-117.29161,y,468987,5.142049983,new,n,y
469159,SD00062578,SD,sativus,2015,5,San Diego,33.327,-117.26643,y,468987,5.203001222,new,n,y
469179,SD00058219,SD,sativus,2015,3,San Diego,33.3393,-117.2499,y,468987,6.798213516,new,n,y
469070,SD00062646,SD,sativus,2005,4,San Diego,32.77194,-116.79722,y,468990,9.582838183,new,n,y
469094,SD00062586,SD,sativus,2006,4,San Diego,32.6889,-116.7764,y,468990,9.856422031,new,n,y
469149,SD00062555,SD,raphanistrum,2003,5,San Diego,32.57278,-116.75778,y,468990,19.46969231,new,n,y
469092,SD00062719,SD,sativus,2006,6,San Diego,32.8396,-117.0424,y,468991,8.649743359,new,n,y
469064,SD00060503,SD,sativus,2005,3,San Diego,32.8022,-117.1331,y,468992,3.041036315,new,n,y
469043,SD00062761,SD,sativus,2005,2,San Diego,32.7439,-117.1533,y,468992,3.95675431,new,n,y
469042,SD00062762,SD,sativus,2005,2,San Diego,32.7544,-117.1831,y,468992,5.280804832,new,n,y
469156,SD00062769,SD,sativus,2012,6,San Diego,32.77386,-117.1917,y,468992,5.578343062,new,n,y
469116,SD00062730,SD,sativus,2007,7,San Diego,32.7748,-117.1939,y,468992,5.783478114,new,n,y
469075,SD00062644,SD,sativus,2005,3,San Diego,33.1635,-117.0936,y,3499442,5.234504475,new,n,y
469144,SD00062649,SD,sativus,2012,6,San Diego,33.16905,-117.0477,y,3499442,5.556172982,new,n,y
469100,SD00062634,SD,sativus,2006,5,San Diego,33.1689,-117.0945,y,3499442,5.806864629,new,n,y
469103,SD00062631,SD,sativus,2008,5,San Diego,33.08349,-117.12284,y,3499442,6.69439323,new,n,y
469143,SD00062556,SD,raphanistrum,2012,5,San Diego,33.07594,-117.1143,y,3499442,6.709007016,new,n,y
469127,SD00062657,SD,sativus,2009,3,San Diego,33.05889,-117.07528,y,3499442,7.012566245,new,n,y
469145,SD00062653,SD,sativus,2013,3,San Diego,33.06289,-117.10389,y,3499442,7.365719746,new,n,y
469093,SD00062721,SD,sativus,2006,5,San Diego,33.1833,-117.0003,y,3499442,9.259764061,new,n,y
469077,SD00062641,SD,sativus,2005,10,San Diego,33.1777,-116.9856,y,3499442,9.833804576,new,n,y
469097,SD00062636,SD,sativus,2008,4,San Diego,33.22722,-116.94444,y,3499442,16.37922386,new,n,y
468989,SD00062736,SD,sativus,1935,3,San Diego,32.77353,-117.09519,y,395628,2.134764763,old,n,y
468981,SD00062551,SD,raphanistrum,1937,4,San Diego,33.23198,-117.32365,y,469113,4.714700712,old,n,y
468978,SD00062552,SD,raphanistrum,1937,4,San Diego,33.38114,-117.5731,y,469119,1.941514219,old,n,y
468976,SD00062565,SD,raphanistrum,1937,1,San Diego,32.80427,-117.24817,y,469163,1.22977826,old,n,y
391803,SDSU17622,SDSU,sativus,2005,4,San Diego,32.9631,-117.25,y,468967,3.503899844,new,n,y
395477,SDSU21495,SDSU,sativus,2014,4,San Diego,32.81756,-117.0605,y,468991,5.731739661,new,n,y
388460,SDSU14146,SDSU,sativus,2002,5,San Diego,32.77556,-117.18833,y,468992,5.262295775,new,n,y
613793,SFV104581,SFV,sativus,2011,3,Los Angeles,34.136,-118.194,y,83203,1.920644471,new,n,y
617784,SFV104582,SFV,sativus,2008,4,Riverside,33.98,-117.41,y,3563575,11.93281041,new,n,y
610288,SFV104572,SFV,raphanistrum,1939,7,Santa Clara,37.11665,-121.96668,y,236700,9.175284893,old,n,y
3618936,,SHTC,raphanistrum,2019,3,Stanislaus,37.52972222,-120.8494444,y,3262100,17.79838382,new,n,y
3611474,,SHTC,raphanistrum,2016,3,Stanislaus,37.522794,-120.853169,y,3262100,18.09962665,new,n,y
3618225,,SHTC,sativus,2018,4,Stanislaus,37.5225,-120.8525,y,3262100,18.16435235,new,n,y
3612238,,SHTC,sativus,2016,3,Stanislaus,37.522222,-120.849722,y,3262100,18.35921291,new,n,y
3618669,,SHTC,raphanistrum,2018,5,Stanislaus,37.6075,-120.75556,y,3444193,19.41476148,new,n,y
1572304,UCR0083369,UCR,sativus,2005,3,San Diego,33.09194,-117.29917,y,468966,2.048445534,new,n,y
1585505,UCR0083362,UCR,sativus,2003,4,San Diego,33.08556,-117.29806,y,468966,2.532671212,new,n,y
1555576,UCR0083363,UCR,sativus,2004,5,San Diego,33.14917,-117.29833,y,468966,5.731265914,new,n,y
1588191,UCR0083361,UCR,sativus,2005,6,San Diego,32.96806,-117.25417,y,468967,2.95363584,new,n,y
1575247,UCR0083367,UCR,sativus,2005,6,San Diego,33.08528,-116.90167,y,468971,8.434585135,new,n,y
1591417,UCR0083360,UCR,sativus,2005,7,San Diego,32.75531,-116.9015,y,468972,4.505069593,new,n,y
1653991,UCR0083357,UCR,sativus,2009,3,San Diego,32.85761,-116.955,y,468984,6.989975787,new,n,y
1562530,UCR0083365,UCR,sativus,2003,4,San Diego,32.82361,-116.865,y,468984,9.66018775,new,n,y
1576181,UCR0083368,UCR,sativus,2004,6,San Diego,32.63583,-116.88389,y,468990,9.029919975,new,n,y
1591452,UCR0083359,UCR,sativus,2005,4,San Diego,32.77194,-116.79722,y,468990,9.582838183,new,n,y
1544580,UCR0083308,UCR,raphanistrum,2003,5,San Diego,32.57278,-116.75778,y,468990,19.46969231,new,n,y
1667093,UCR0083355,UCR,sativus,2012,6,San Diego,33.169,-117.04769,y,3499442,5.551248807,new,n,y
4588064,UCSB057874,UCSB,sativus,2019,4,Santa Barbara,34.4153,-119.8668,y,3525429,3.617270899,new,n,y
240188,,UCSC,sativus,2018,2,Santa Cruz,36.993746,-122.058766,y,2331781,5.33836036,new,n,y
240388,,UCSC,sativus,2018,2,Santa Cruz,36.993746,-122.058766,y,2331781,5.33836036,new,n,y
240008,,UCSC,sativus,2018,2,Santa Cruz,36.99338,-122.0506055,y,2331781,5.468448996,new,n,y
2207383,,UCSC,sativus,2019,2,Santa Cruz,36.990795,-122.05112,y,2331781,5.742391746,new,n,y
240048,,UCSC,sativus,2018,2,Santa Cruz,36.99,-122.055,y,2331781,5.780947558,new,n,y
2207434,,UCSC,sativus,2019,2,Santa Cruz,36.989628,-122.05486,y,2331781,5.823363149,new,n,y
240030,,UCSC,sativus,2018,2,Santa Cruz,36.989471,-122.056716,y,2331781,5.824517636,new,n,y
240127,,UCSC,sativus,2018,2,Santa Cruz,36.98844285,-122.0673873,y,2331781,5.936114028,new,n,y
240327,,UCSC,sativus,2018,2,Santa Cruz,36.98844285,-122.0673873,y,2331781,5.936114028,new,n,y
2207186,,UCSC,sativus,2019,2,Santa Cruz,36.986175,-122.05445,y,2331781,6.20824792,new,n,y
2207312,,UCSC,sativus,2019,2,Santa Cruz,36.98595,-122.05594,y,2331781,6.219787239,new,n,y
2207273,,UCSC,sativus,2019,2,Santa Cruz,36.9857335,-122.05538,y,2331781,6.248361772,new,n,y
2207336,,UCSC,raphanistrum,2019,2,Santa Cruz,36.985656,-122.05608,y,2331781,6.251186336,new,n,y
2207339,,UCSC,sativus,2019,2,Santa Cruz,36.9856311,-122.05598,y,2331781,6.25472052,new,n,y
2207437,,UCSC,sativus,2019,2,Santa Cruz,36.9858177,-122.05369,y,2331781,6.255484426,new,n,y
239971,,UCSC,sativus,2018,2,Santa Cruz,36.98561096,-122.0559714,y,2331781,6.257014602,new,n,y
2207423,,UCSC,sativus,2019,2,Santa Cruz,36.985435,-122.0553,y,2331781,6.282024753,new,n,y
2207207,,UCSC,sativus,2019,2,Santa Cruz,36.9838,-122.0486,y,2331781,6.546253899,new,n,y
240241,,UCSC,raphanistrum,2018,2,Santa Cruz,36.982991,-122.049042,y,2331781,6.627445036,new,n,y
240441,,UCSC,raphanistrum,2018,2,Santa Cruz,36.982991,-122.049042,y,2331781,6.627445036,new,n,y
2207308,,UCSC,sativus,2019,2,Santa Cruz,36.98201,-122.06204,y,2331781,6.632052506,new,n,y
2207251,,UCSC,sativus,2019,2,Santa Cruz,36.9782,-122.05389,y,2331781,7.093521827,new,n,y
240160,,UCSC,sativus,2018,2,Santa Cruz,36.97481667,-122.0522528,y,2331781,7.482889998,new,n,y
240360,,UCSC,sativus,2018,2,Santa Cruz,36.97481667,-122.0522528,y,2331781,7.482889998,new,n,y
2207282,,UCSC,sativus,2019,2,Santa Cruz,36.9623361,-122.03023,y,2331781,9.263297908,new,n,y
240045,,UCSC,raphanistrum,2018,2,Santa Cruz,36.985876,-122.067348,y,3433650,6.211319739,new,n,y
2207224,,UCSC,sativus,2019,2,Santa Cruz,36.9851563,-122.06734,y,3433650,6.229120382,new,n,y
2207216,,UCSC,sativus,2019,2,Santa Cruz,36.953038,-122.06492,y,3433650,7.997102173,new,n,y
2207374,,UCSC,sativus,2019,2,Santa Cruz,36.953038,-122.06492,y,3433650,7.997102173,new,n,y
3826866,,UCSC,sativus,2020,2,Santa Cruz,36.94935463,-122.0672506,y,3433650,8.098614107,new,n,y
239881,,UCSC,sativus,2018,2,Santa Cruz,36.951944,-122.064444,y,3433650,8.105698406,new,n,y
240217,,UCSC,sativus,2018,2,Santa Cruz,36.952177,-122.064068,y,3433650,8.11583615,new,n,y
240417,,UCSC,sativus,2018,2,Santa Cruz,36.952177,-122.064068,y,3433650,8.11583615,new,n,y
3826803,,UCSC,sativus,2020,2,Santa Cruz,36.95211167,-122.0640333,y,3433650,8.122757248,new,n,y
3826872,,UCSC,sativus,2020,2,Santa Cruz,36.951247,-122.0647366,y,3433650,8.133962951,new,n,y
2207182,,UCSC,sativus,2019,2,Santa Cruz,36.956178,-122.05996,y,3433650,8.147896912,new,n,y
240237,,UCSC,sativus,2018,2,Santa Cruz,36.951325,-122.064202,y,3433650,8.165506706,new,n,y
240437,,UCSC,sativus,2018,2,Santa Cruz,36.951325,-122.064202,y,3433650,8.165506706,new,n,y
3827001,,UCSC,sativus,2020,2,Santa Cruz,36.952691,-122.062712,y,3433650,8.176097542,new,n,y
240225,,UCSC,sativus,2018,2,Santa Cruz,36.950203,-122.065021,y,3433650,8.188150492,new,n,y
240425,,UCSC,sativus,2018,2,Santa Cruz,36.950203,-122.065021,y,3433650,8.188150492,new,n,y
3590297,,UCSC,sativus,2019,4,Santa Cruz,36.95224,-122.06277,y,3433650,8.202566515,new,n,y
239984,,UCSC,raphanistrum,2018,2,Santa Cruz,36.94996667,-122.0647417,y,3433650,8.224059146,new,n,y
3826971,,UCSC,sativus,2020,2,Santa Cruz,36.94988333,-122.0646278,y,3433650,8.237774951,new,n,y
240208,,UCSC,sativus,2018,2,Santa Cruz,36.950104,-122.064008,y,3433650,8.264573444,new,n,y
240408,,UCSC,sativus,2018,2,Santa Cruz,36.950104,-122.064008,y,3433650,8.264573444,new,n,y
239858,,UCSC,sativus,2018,2,Santa Cruz,36.949988,-122.063398,y,3433650,8.314702076,new,n,y
3827089,,UCSC,sativus,2020,2,Santa Cruz,36.94938333,-122.0637583,y,3433650,8.33278242,new,n,y
240097,,UCSC,sativus,2018,2,Santa Cruz,36.94935333,-122.0637805,y,3433650,8.333400234,new,n,y
240297,,UCSC,sativus,2018,2,Santa Cruz,36.94935333,-122.0637805,y,3433650,8.333400234,new,n,y
239908,,UCSC,sativus,2018,2,Santa Cruz,36.949405,-122.0634612,y,3433650,8.351570614,new,n,y
3826742,,UCSC,sativus,2020,2,Santa Cruz,36.94928988,-122.0634716,y,3433650,8.359033419,new,n,y
3827041,,UCSC,sativus,2020,2,Santa Cruz,36.94980347,-122.0627466,y,3433650,8.372568703,new,n,y
3826916,,UCSC,sativus,2020,2,Santa Cruz,36.94978333,-122.0627528,y,3433650,8.373554922,new,n,y
2500762,154056,CAS,sativus,2005,3,San Diego,33.09194444,-117.2991667,y,468966,2.048493519,new,y,y
2405523,74175,CAS,raphanistrum,1937,10,Alameda ,37.8096,-122.15752,y,202480,6.55100966,old,y,y
2331781,74362,CAS,sativus,1921,8,Santa Cruz ,37.04177,-122.0622,y,236700,4.716853656,old,y,y
2311023,74259,CAS,sativus,1925,5,Alameda ,37.87366,-122.23283,y,3475357,14.94485671,old,y,y
2395018,74260,CAS,sativus,1924,10,Alameda ,37.88885,-122.2633,y,3475357,15.58015029,old,y,y
2317066,74244,CAS,sativus,1921,9,Alameda ,37.87291,-122.25191,y,3475357,16.09119948,old,y,y
2440492,74279,CAS,sativus,1932,3,Los Angeles ,34.08832,-117.76815,y,5549192,6.199680297,old,y,y
2132998,CHSC111394,CHSC,raphanistrum,2012,5,Butte,39.750833,-121.801389,y,2061482,8.847211561,new,y,y
2061578,CHSC000535,CHSC,sativus,1938,3,San Bernardino,34.128611,-117.208889,y,1695490,16.98747498,old,y,y
2061482,CHSC000533,CHSC,raphanistrum,1935,3,Butte,39.730278,-121.901111,y,2132998,8.847211561,old,y,y
1372819,DAV300679,DAV,raphanistrum,2012,4,Merced,37.381667,-120.281389,y,3183749,10.2772461,new,y,y
3792158,FSC0010443,FSC,raphanistrum,1929,8,Monterey,36.59489,-121.90056,y,238791,15.93147663,old,y,y
3792196,FSC0010481,FSC,sativus,1929,8,Monterey,36.61746,-121.92296,y,238791,17.51593564,old,y,y
3792171,FSC0010456,FSC,raphanistrum,1934,4,Alameda,37.87231,-122.26005,y,3475357,16.63022416,old,y,y
3630484,OBI161552,OBI,sativus,2019,5,Santa Barbara,34.45277158,-120.4708787,y,141265,20.72069589,new,y,y
5752868,OBI183593,OBI,sativus,2022,2,San Luis Obispo,35.26442,-120.68481,y,3293792,5.461404513,new,y,y
216778,OBI101740,OBI,sativus,2016,3,San Luis Obispo,35.187084,-120.746349,y,3293792,14.15591716,new,y,y
215180,OBI101741,OBI,sativus,2017,7,Santa Cruz,37.059761,-122.225633,y,3306212,2.86162799,new,y,y
202480,OBI101761,OBI,sativus,2004,4,Alameda,37.751459,-122.144718,y,3550026,4.765042069,new,y,y
3771777,SBBG174263,SBBG,sativus,2018,3,San Diego,33.36711,-117.26121,y,468987,6.978703867,new,y,y
4060635,SBBG230712,SBBG,sativus,2020,5,San Luis Obispo,35.191,-120.616,y,3293792,8.439324426,new,y,y
124275,SBBG213850,SBBG,sativus,2015,2,Ventura,34.43475,-119.2753,y,3366934,22.81700279,new,y,y
147598,SBBG213846,SBBG,sativus,2010,2,Ventura,34.42711,-119.26089,y,3366934,24.08496736,new,y,y
407313,SBBG213845,SBBG,sativus,2010,2,Ventura,34.42711,-119.26089,y,3366934,24.08496736,new,y,y
2264695,SBBG166103,SBBG,sativus,2019,3,Santa Barbara,34.421134,-119.86677,y,3525429,3.008045512,new,y,y
141265,SBBG213823,SBBG,sativus,1927,5,Santa Barbara,34.6392,-120.4569,y,1582894,8.987592483,old,y,y
73443,SBBG213811,SBBG,raphanistrum,1930,4,Santa Barbara,34.413,-119.742,y,1896191,10.1328779,old,y,y
469078,SD00062639,SD,sativus,2004,12,San Diego,33.09528,-117.31444,y,468966,0.692549788,new,y,y
469173,SD00062724,SD,sativus,2012,2,San Diego,33.08363,-117.30874,y,468966,2.079113746,new,y,y
469062,SD00062590,SD,sativus,2004,11,San Diego,33.0656,-117.3054,y,468966,4.054569402,new,y,y
469111,SD00062628,SD,sativus,2007,5,San Diego,33.0053,-117.2621,y,468967,1.501797698,new,y,y
469160,SD00062701,SD,sativus,2012,3,San Diego,32.99681,-117.23397,y,468967,1.719722417,new,y,y
469136,SD00062776,SD,sativus,2012,2,San Diego,32.53637,-117.1076,y,468968,2.85898192,new,y,y
469107,SD00062630,SD,sativus,2007,5,San Diego,33.13111,-117.19833,y,468970,1.627653089,new,y,y
469096,SD00062584,SD,sativus,2006,5,San Diego,33.1296,-117.1477,y,468970,3.302502911,new,y,y
3700299,SD00029907,SD,sativus,2017,5,San Diego,33.07737,-116.98685,y,468971,0.705578893,new,y,y
3113067,SD00023691,SD,raphanistrum,2017,6,San Diego,33.0755,-116.99747,y,468971,0.894493645,new,y,y
469128,SD00062656,SD,sativus,2009,4,San Diego,33.22695,-116.82572,y,468971,22.32890129,new,y,y
469055,SD00062752,SD,sativus,2004,7,San Diego,32.754,-116.942,y,468972,2.285648797,new,y,y
469139,SD00062706,SD,sativus,2012,4,San Diego,32.71373,-116.97712,y,468972,3.951105494,new,y,y
469079,SD00062691,SD,sativus,2005,7,San Diego,32.7553,-116.9015,y,468972,4.504471454,new,y,y
469091,SD00062720,SD,sativus,2006,4,San Diego,32.7031,-116.9936,y,468972,5.891691923,new,y,y
469135,SD00062557,SD,raphanistrum,2011,5,San Diego,32.66451,-116.9877,y,468972,8.760008531,new,y,y
469126,SD00062682,SD,sativus,2006,5,San Diego,33.2903,-117.4442,y,468973,0.897256115,new,y,y
469119,SD00062784,SD,sativus,2008,4,San Diego,33.38691,-117.5534,y,468974,1.711137187,new,y,y
469040,SD00062685,SD,sativus,2004,8,San Diego,32.614,-117.11,y,468982,0.959286419,new,y,y
469165,SD00062696,SD,sativus,2012,2,San Diego,32.6528,-117.1026,y,468982,4.071175207,new,y,y
469174,SD00062723,SD,sativus,2012,2,San Diego,32.6522,-117.0495,y,468982,6.207085501,new,y,y
469105,SD00062729,SD,sativus,2006,6,San Diego,32.808,-116.9969,y,468984,3.545068881,new,y,y
469137,SD00062707,SD,sativus,2010,2,San Diego,32.76069,-117.00169,y,468984,5.286636543,new,y,y
469031,SD00062660,SD,sativus,2003,5,San Diego,33.38917,-117.05083,y,468985,1.708377899,new,y,y
469123,SD00062583,SD,sativus,2009,5,San Diego,33.39612,-117.32063,y,468986,4.590681115,new,y,y
469147,SD00062650,SD,sativus,2013,5,San Diego,33.39675,-117.26296,y,468986,7.000716099,new,y,y
469140,SD00062774,SD,sativus,2012,5,San Diego,33.44973,-117.42031,y,468986,9.38549329,new,y,y
469138,SD00062775,SD,sativus,2012,2,San Diego,33.3326,-117.33208,y,468987,0.953308107,new,y,y
469176,SD00062725,SD,sativus,2016,4,San Diego,33.32722,-117.26621,y,468987,5.221680829,new,y,y
2890234,SD00021403,SD,sativus,2018,3,San Diego,33.36711,-117.26121,y,468987,6.978703867,new,y,y
469053,SD00062753,SD,sativus,2003,7,San Diego,32.66472,-116.86694,y,468990,5.860403995,new,y,y
469058,SD00062561,SD,raphanistrum,2004,5,San Diego,32.66389,-116.86806,y,468990,5.937165168,new,y,y
469059,SD00062755,SD,sativus,2004,6,San Diego,32.63583,-116.88389,y,468990,9.029919975,new,y,y
469063,SD00062589,SD,sativus,2005,3,San Diego,32.78722,-117.04972,y,468991,3.650112003,new,y,y
469164,SD00062697,SD,sativus,2012,1,San Diego,32.77306,-117.03604,y,468991,4.363608956,new,y,y
469129,SD00062655,SD,sativus,2008,4,San Diego,32.71083,-117.08139,y,468991,6.485004712,new,y,y
469115,SD00062731,SD,sativus,2006,5,San Diego,32.7836,-117.1525,y,468992,2.140602782,new,y,y
469065,SD00062735,SD,sativus,2005,3,San Diego,32.7411,-117.1439,y,468992,3.894560979,new,y,y
469044,SD00062760,SD,sativus,2005,2,San Diego,32.7433,-117.1544,y,468992,4.066333055,new,y,y
469033,SD00062766,SD,sativus,2004,4,San Diego,32.7341,-117.1285,y,468992,4.525611826,new,y,y
469095,SD00062585,SD,sativus,2005,5,San Diego,32.7271,-117.1372,y,468992,5.309788106,new,y,y
6014478,SD00087803,SD,sativus,2019,5,Los Angeles,34.1608,-117.8392,y,2449627,5.461275192,new,y,y
3700296,SD00030202,SD,sativus,2010,2,Ventura,34.42711,-119.26089,y,3366934,24.08496736,new,y,y
468997,SD00062792,SD,sativus,1932,7,Monterey,36.60643,-121.86748,y,238791,12.7611944,old,y,y
468991,SD00062716,SD,sativus,1935,2,San Diego,32.7693,-117.0824,y,395628,1.517019646,old,y,y
469026,SD00062737,SD,sativus,1935,3,San Diego,32.77353,-117.09519,y,395628,2.134764763,old,y,y
468964,SD00062718,SD,sativus,1935,2,San Diego,32.76805,-117.09675,y,395628,2.558269292,old,y,y
468985,SD00062743,SD,sativus,1940,3,San Diego,33.39493,-117.0338,y,469031,1.708377899,old,y,y
468982,SD00062675,SD,sativus,1937,12,San Diego,32.61615,-117.1001,y,469040,0.959286419,old,y,y
468983,SD00062670,SD,sativus,1938,5,San Diego,32.59102,-117.11158,y,469040,2.552734626,old,y,y
468972,SD00062564,SD,raphanistrum,1936,3,San Diego,32.73339,-116.94197,y,469055,2.285648797,old,y,y
468990,SD00062715,SD,sativus,1934,3,San Diego,32.71699,-116.87613,y,469079,4.868772639,old,y,y
468984,SD00062713,SD,sativus,1927,3,San Diego,32.79489,-116.96238,y,469105,3.545068881,old,y,y
468970,SD00062671,SD,sativus,1936,2,San Diego,33.13653,-117.18212,y,469107,1.627653089,old,y,y
468975,SD00062674,SD,sativus,1936,3,San Diego,33.17337,-117.20865,y,469107,4.784800769,old,y,y
468967,SD00062673,SD,sativus,1936,1,San Diego,32.99464,-117.25219,y,469111,1.501797698,old,y,y
468980,SD00062677,SD,sativus,1937,4,San Diego,33.23198,-117.32365,y,469113,4.714700712,old,y,y
468992,SD00062717,SD,sativus,1935,3,San Diego,32.77479,-117.13217,y,469115,2.140602782,old,y,y
468974,SD00062679,SD,sativus,1936,3,San Diego,33.37199,-117.55808,y,469119,1.711137187,old,y,y
468979,SD00061956,SD,raphanistrum,1937,4,San Diego,33.38114,-117.5731,y,469119,1.941514219,old,y,y
468986,SD00062669,SD,sativus,1940,4,San Diego,33.43751,-117.32043,y,469123,4.590681115,old,y,y
468973,SD00062553,SD,,1936,3,San Diego,33.28587,-117.45226,y,469126,0.897256115,old,y,y
468968,SD00062672,SD,sativus,1936,1,San Diego,32.55134,-117.08282,y,469136,2.85898192,old,y,y
468987,SD00062668,SD,sativus,1940,5,San Diego,33.33047,-117.32216,y,469138,0.953308107,old,y,y
469005,SD00062739,SD,sativus,1930,5,San Diego,33.02028,-117.20278,y,469157,1.195425816,old,y,y
468977,SD00062676,SD,sativus,1937,1,San Diego,32.80427,-117.24817,y,469163,1.22977826,old,y,y
468995,SD00062714,SD,sativus,1932,3,San Diego,32.64633,-117.15096,y,469165,4.593562219,old,y,y
468988,SD00062800,SD,sativus,1931,2,Los Angeles,33.75995,-118.36373,y,1630048,7.590516832,old,y,y
468966,SD00062754,SD,sativus,1936,6,San Diego,33.10041,-117.31867,y,1654990,0.609275195,old,y,y
468994,SD00062794,SD,sativus,1932,8,Santa Barbara,34.96896,-120.58147,y,1657455,10.52450093,old,y,y
468971,SD00062678,SD,sativus,1936,2,San Diego,33.08208,-116.99193,y,3700299,0.705578893,old,y,y
395628,SDSU21677,SDSU,sativus,2016,4,San Diego,32.78112,-117.07425,y,468991,1.517019646,new,y,y
394165,SDSU19995,SDSU,sativus,2012,4,San Diego,32.83893,-117.04566,y,468991,8.454026569,new,y,y
394122,SDSU19952,SDSU,sativus,2012,4,San Diego,32.83894,-117.04552,y,468991,8.460384417,new,y,y
393682,SDSU19512,SDSU,sativus,2010,5,San Diego,32.83988,-117.04476,y,468991,8.584630701,new,y,y
5549192,SDSU25094,SDSU,sativus,2021,4,Los Angeles,34.143611,-117.75833,y,2440492,6.199680297,new,y,y
3475357,JEPS100009,UCJEPS,raphanistrum,2003,4,Contra Costa,37.979923,-122.12844,y,2311023,14.94485671,new,y,y
3366934,UC1126750,UCJEPS,sativus,1935,2,Santa Barbara,34.417289,-119.522628,y,124275,22.81700279,old,y,y
3550026,UC1126746,UCJEPS,sativus,1934,3,Alameda,37.736774,-122.093915,y,202480,4.765042069,old,y,y
3379131,UC1126745,UCJEPS,sativus,1934,3,Alameda,37.736887,-122.092897,y,202480,4.845245979,old,y,y
3183749,UC1126742,UCJEPS,raphanistrum,1936,4,Mariposa,37.467719,-120.238504,y,1372819,10.2772461,old,y,y
3489238,UC1126741,UCJEPS,raphanistrum,1936,3,Mariposa,37.602511,-120.309387,y,1372819,24.63552887,old,y,y
3440200,UC1126753,UCJEPS,sativus,1936,3,San Luis Obispo,35.098215,-120.579118,y,1547140,0.223570266,old,y,y
3562157,UC1126747,UCJEPS,sativus,1935,3,Santa Barbara,34.673674,-120.578258,y,1582894,12.31742091,old,y,y
3563575,UC1536931,UCJEPS,sativus,1935,3,Riverside,33.980016,-117.280866,y,1602409,6.402580648,old,y,y
3358215,UC519997,UCJEPS,sativus,1932,1,Los Angeles,34.11558,-117.88912,y,1635613,4.169552144,old,y,y
3260290,UC407038,UCJEPS,sativus,1930,4,Contra Costa,38.03639,-121.68472,y,3349335,24.27681852,old,y,y
3334730,UC650429,UCJEPS,sativus,1930,4,Contra Costa,38.03639,-121.68472,y,3349335,24.27681852,old,y,y
3417594,UC1614555,UCJEPS,sativus,1934,9,Alameda,37.876342,-122.238971,y,3475357,15.05369786,old,y,y
3492727,UC521694,UCJEPS,sativus,1933,9,Alameda,37.873417,-122.238851,y,3475357,15.29650898,old,y,y
3525429,UC1126748,UCJEPS,sativus,1935,4,Santa Barbara,34.446285,-119.854537,y,3964300,2.910025057,old,y,y
1582894,UCR0083403,UCR,sativus,2005,4,Santa Barbara,34.575,-120.51667,y,141265,8.987592483,new,y,y
1654990,UCR0083358,UCR,sativus,2004,12,San Diego,33.09694,-117.31361,y,468966,0.609275195,new,y,y
1655769,UCR0083356,UCR,sativus,2012,5,San Diego,33.44969,-117.42031,y,468986,9.384855756,new,y,y
1630048,UCR0083330,UCR,sativus,2010,3,Los Angeles,33.82611,-118.34278,y,468988,7.590516832,new,y,y
1566244,UCR0083370,UCR,sativus,2003,7,San Diego,32.66472,-116.86694,y,468990,5.860403995,new,y,y
1578856,UCR0083366,UCR,sativus,2004,5,San Diego,32.66389,-116.86806,y,468990,5.937165168,new,y,y
3591679,UCR0083304,UCR,raphanistrum,2015,3,Los Angeles,34.15278,-117.83139,y,2449627,5.113353661,new,y,y
1635613,UCR0083332,UCR,sativus,2009,3,Los Angeles,34.13111,-117.93028,y,3358215,4.169552144,new,y,y
1547140,UCR0083373,UCR,sativus,2003,7,San Luis Obispo,35.09833,-120.57667,y,3440200,0.223570266,new,y,y
1560057,UCR0083372,UCR,sativus,2004,3,San Luis Obispo,35.08333,-120.585,y,3440200,1.736296555,new,y,y
1657455,UCR0083305,UCR,raphanistrum,2004,2,San Luis Obispo,35.05167,-120.525,y,3440200,7.143326835,new,y,y
1669580,UCR0083354,UCR,sativus,2013,3,San Diego,33.06289,-117.10389,y,3499442,7.365719746,new,y,y
1602409,UCR0111501,UCR,sativus,2005,5,Riverside,33.94028,-117.33111,y,3563575,6.402580648,new,y,y
1695490,UCR0083350,UCR,sativus,2011,6,San Bernardino,34.03464,-117.35422,y,3563575,9.090043904,new,y,y
293450,UCSB032040,UCSB,sativus,2001,4,Santa Barbara,34.88,-120.4816667,y,468994,13.43727356,new,y,y
3964300,UCSB044460,UCSB,raphanistrum,2017,5,Santa Barbara,34.4201,-119.85645,y,3525429,2.910025057,new,y,y
330069,UCSB040101,UCSB,sativus,2002,5,Santa Barbara,34.417415,-119.861133,y,3525429,3.259435799,new,y,y
4064867,UCSB050386,UCSB,sativus,2017,12,Santa Barbara,34.421881,-119.879608,y,3525429,3.555074937,new,y,y
1895626,UCSB041178,UCSB,sativus,2009,6,Santa Barbara,34.418182,-119.883056,y,3525429,4.07306453,new,y,y
1896191,UCSB041759,UCSB,sativus,2005,6,Santa Barbara,34.409149,-119.852117,y,3525429,4.125502888,new,y,y
238791,UCSC100000690,UCSC,sativus,2015,5,Monterey,36.6294,-121.7277,y,468997,12.7611944,new,y,y
236700,UCSC100000689,UCSC,raphanistrum,2012,11,Santa Cruz,37.08427,-122.06165,y,2331781,4.716853656,new,y,y
236311,UCSC100000688,UCSC,raphanistrum,2013,4,Santa Cruz,36.988889,-122.050556,y,2331781,5.959408311,new,y,y
236400,UCSC100000698,UCSC,sativus,2011,5,Santa Cruz,36.987944,-122.065972,y,2331781,5.982922249,new,y,y
235906,UCSC100000697,UCSC,sativus,2011,4,Santa Cruz,36.9649506,-121.9949615,y,2331781,10.41618553,new,y,y
3590276,UCSC100003126,UCSC,sativus,2019,4,Santa Cruz,36.95338,-122.06525,y,3433650,7.950558428,new,y,y
3590166,UCSC100003138,UCSC,sativus,2019,4,Santa Cruz,36.95224,-122.06277,y,3433650,8.202566515,new,y,y