coreid,identifier,title,format,notes,sortBy,recordID,initialTimestamp
1176,LA200329,,,,,,"2022-04-11 15:34:53"
4721,LA32256,,,,,,"2023-09-27 15:06:11"
33390,89126,SBBG_old,,,,,"2022-11-17 18:28:36"
36646,86686,SBBG_old,,,,,"2022-11-17 18:28:36"
36927,126600,SBBG_old,,,,,"2022-11-17 17:54:39"
36927,CHIS-00465,NPS_accession,,,,,"2022-11-17 17:54:54"
36927,40965,NPS_catalog,,,,,"2022-11-17 17:55:04"
42726,100427,SBBG_old,,,,,"2022-11-17 18:28:36"
43829,13430,SBBG_old,,,,,"2022-11-17 18:28:36"
44308,97267,SBBG_old,,,,,"2022-11-17 18:28:36"
45902,52488,SBBG_old,,,,,"2022-11-17 18:28:36"
47113,25547,SBBG_old,,,,,"2022-11-17 18:28:36"
48054,54945,SBBG_old,,,,,"2022-11-17 18:28:36"
49117,86732,SBBG_old,,,,,"2022-11-17 18:28:36"
49448,77984,SBBG_old,,,,,"2022-11-17 18:28:36"
51145,106847,SBBG_old,,,,,"2022-11-17 18:28:36"
52482,94773,SBBG_old,,,,,"2022-11-17 18:28:36"
54960,97284,SBBG_old,,,,,"2022-11-17 18:28:36"
55059,108747,SBBG_old,,,,,"2022-11-17 18:28:36"
55592,139801,SBBG_old,,,,,"2022-11-17 18:28:36"
55673,138582,SBBG_old,,,,,"2022-11-17 18:28:36"
56682,131514,SBBG_old,,,,,"2022-11-17 18:28:36"
57675,21903,SBBG_old,,,,,"2022-11-17 18:28:36"
58111,129123,SBBG_old,,,,,"2022-11-17 17:54:39"
58111,CHIS-00465,NPS_accession,,,,,"2022-11-17 17:54:54"
58111,41805,NPS_catalog,,,,,"2022-11-17 17:55:04"
58230,130728,SBBG_old,,,,,"2022-11-17 18:28:36"
59642,39204,SBBG_old,,,,,"2022-11-17 18:28:36"
61217,2548,SBBG_old,,,,,"2022-11-17 18:28:36"
62618,102244,SBBG_old,,,,,"2022-11-17 18:28:36"
63222,131711,SBBG_old,,,,,"2022-11-17 18:28:36"
65108,77985,SBBG_old,,,,,"2022-11-17 18:28:36"
68153,136992,SBBG_old,,,,,"2022-11-17 18:28:36"
73443,72197,SBBG_old,,,,,"2022-11-17 18:28:36"
75275,37749,SBBG_old,,,,,"2022-11-17 18:28:36"
76355,115019,SBBG_old,,,,,"2022-11-17 18:28:36"
76563,130826,SBBG_old,,,,,"2022-11-17 17:54:39"
76563,CHIS-00465,NPS_accession,,,,,"2022-11-17 17:54:54"
76563,57843,NPS_catalog,,,,,"2022-11-17 17:55:04"
76824,10943,SBBG_old,,,,,"2022-11-17 18:28:36"
79706,48074,SBBG_old,,,,,"2022-11-17 18:28:36"
79994,97204,SBBG_old,,,,,"2022-11-17 18:28:36"
80183,132158,SBBG_old,,,,,"2022-11-17 18:28:36"
80367,127446,SBBG_old,,,,,"2022-11-17 18:28:36"
81912,137634,SBBG_old,,,,,"2022-11-17 18:28:36"
83203,72198,SBBG_old,,,,,"2022-11-17 18:28:36"
84127,143759,SBBG_old,,,,,"2022-11-17 18:28:36"
84330,117603,SBBG_old,,,,,"2022-11-17 18:28:36"
87856,2547,SBBG_old,,,,,"2022-11-17 18:28:36"
89884,72195,SBBG_old,,,,,"2022-11-17 18:28:36"
90647,77983,SBBG_old,,,,,"2022-11-17 18:28:36"
91393,84030,SBBG_old,,,,,"2022-11-17 18:28:36"
92110,108746,SBBG_old,,,,,"2022-11-17 18:28:36"
92289,28115,SBBG_old,,,,,"2022-11-17 18:28:36"
93254,97855,SBBG_old,,,,,"2022-11-17 18:28:36"
95043,137433,SBBG_old,,,,,"2022-11-17 18:28:36"
95436,20549,SBBG_old,,,,,"2022-11-17 18:28:36"
98493,2546,SBBG_old,,,,,"2022-11-17 18:28:36"
98773,37654,SBBG_old,,,,,"2022-11-17 18:28:36"
106233,29225,SBBG_old,,,,,"2022-11-17 18:28:36"
106537,100428,SBBG_old,,,,,"2022-11-17 18:28:36"
107786,72200,SBBG_old,,,,,"2022-11-17 18:28:36"
108810,72196,SBBG_old,,,,,"2022-11-17 18:28:36"
110889,47443,SBBG_old,,,,,"2022-11-17 18:28:36"
114382,39202,SBBG_old,,,,,"2022-11-17 18:28:36"
116271,44775,SBBG_old,,,,,"2022-11-17 18:28:36"
121316,55162,SBBG_old,,,,,"2022-11-17 18:28:36"
122801,131515,SBBG_old,,,,,"2022-11-17 18:28:36"
123042,31098,SBBG_old,,,,,"2022-11-17 18:28:36"
123572,100195,SBBG_old,,,,,"2022-11-17 18:28:36"
124275,134351,SBBG_old,,,,,"2022-11-17 18:28:36"
128858,28071,SBBG_old,,,,,"2022-11-17 18:28:36"
130694,2549,SBBG_old,,,,,"2022-11-17 18:28:36"
131645,130799,SBBG_old,,,,,"2022-11-17 17:54:39"
131645,CHIS-00508,NPS_accession,,,,,"2022-11-17 17:54:54"
131645,45227,NPS_catalog,,,,,"2022-11-17 17:55:04"
132420,31095,SBBG_old,,,,,"2022-11-17 18:28:36"
132624,104583,SBBG_old,,,,,"2022-11-17 18:28:36"
136410,39203,SBBG_old,,,,,"2022-11-17 18:28:36"
137222,17789,SBBG_old,,,,,"2022-11-17 18:28:36"
141265,72199,SBBG_old,,,,,"2022-11-17 18:28:36"
144474,77982,SBBG_old,,,,,"2022-11-17 18:28:36"
147598,140696,SBBG_old,,,,,"2022-11-17 18:28:36"
148536,38959,SBBG_old,,,,,"2022-11-17 18:28:36"
150366,111038,SBBG_old,,,,,"2022-11-17 18:28:36"
152436,133344,SBBG_old,,,,,"2022-11-17 18:28:36"
152545,54697,SBBG_old,,,,,"2022-11-17 18:28:36"
157452,100426,SBBG_old,,,,,"2022-11-17 18:28:36"
158155,39201,SBBG_old,,,,,"2022-11-17 18:28:36"
229779,320,,,,,,"2024-08-01 13:07:32"
231367,2007,,,,,,"2024-08-01 13:07:32"
231693,2339,,,,,,"2024-08-01 13:07:32"
231694,2340,,,,,,"2024-08-01 13:07:32"
232773,3583,,,,,,"2024-08-01 13:07:32"
235906,7456,,,,,,"2024-08-01 13:07:32"
236311,8065,,,,,,"2024-08-01 13:07:32"
236400,8154,,,,,,"2024-08-01 13:07:32"
238791,9443,,,,,,"2024-08-01 13:07:32"
304601,014787,"UCSB catalog number",,,,,"2025-11-17 15:05:44"
355726,1356,"SCIR catalog number",,,,,"2025-10-30 13:53:31"
355727,1357,"SCIR catalog number",,,,,"2025-10-30 13:56:33"
355751,1452,"SCIR catalog number",,,,,"2024-04-09 14:04:22"
375696,01219,,,,,,"2025-08-29 18:01:20"
391803,17622,,,,,,"2025-08-29 18:01:38"
407313,140681,SBBG_old,,,,,"2022-11-17 18:28:36"
468960,SD1946,,,,,,"2025-02-25 15:44:06"
468961,SD8274,,,,,,"2025-02-25 15:44:06"
468962,SD8275,,,,,,"2025-02-25 15:44:06"
468963,SD8276,,,,,,"2025-02-25 15:44:06"
468964,SD10310,,,,,,"2025-02-25 15:44:06"
468965,SD11593,,,,,,"2025-02-25 15:44:06"
468966,SD13191,,,,,,"2025-02-25 15:44:06"
468967,SD13197,,,,,,"2025-02-25 15:44:06"
468968,SD13219,,,,,,"2025-02-25 15:44:06"
468969,SD13266,,,,,,"2025-02-25 15:44:06"
468970,SD13380,,,,,,"2025-02-25 15:44:06"
468971,SD13396,,,,,,"2025-02-25 15:44:06"
468972,SD14033,,,,,,"2025-02-25 15:44:06"
468974,SD14070,,,,,,"2025-02-25 15:44:06"
468975,SD14235,,,,,,"2025-02-25 15:44:06"
468976,SD16512,,,,,,"2025-02-25 15:44:06"
468977,SD16528,,,,,,"2025-02-25 15:44:06"
468978,SD16912,,,,,,"2025-02-25 15:44:06"
468979,SD16913,,,,,,"2025-02-25 15:44:06"
468980,SD16959,,,,,,"2025-02-25 15:44:06"
468981,SD16960,,,,,,"2025-02-25 15:44:06"
468982,SD20193,,,,,,"2025-02-25 15:44:06"
468983,SD21110,,,,,,"2025-02-25 15:44:06"
468984,SD21952,,,,,,"2025-02-25 15:44:06"
468985,SD26576,,,,,,"2025-02-25 15:44:06"
468986,SD26957,,,,,,"2025-02-25 15:44:06"
468987,SD27136,,,,,,"2025-02-25 15:44:06"
468988,SD31165,,,,,,"2025-02-25 15:44:06"
468989,SD37951,,,,,,"2025-02-25 15:44:06"
468990,SD37952,,,,,,"2025-02-25 15:44:06"
468991,SD37953,,,,,,"2025-02-25 15:44:06"
468992,SD37954,,,,,,"2025-02-25 15:44:06"
468993,SD39743,,,,,,"2025-02-25 15:44:06"
468994,SD39744,,,,,,"2025-02-25 15:44:06"
468995,SD39746,,,,,,"2025-02-25 15:44:06"
468996,SD39747,,,,,,"2025-02-25 15:44:06"
468997,SD39748,,,,,,"2025-02-25 15:44:06"
468998,SD39749,,,,,,"2025-02-25 15:44:06"
468999,SD52157,,,,,,"2025-02-25 15:44:06"
469000,SD52403,,,,,,"2025-02-25 15:44:06"
469001,SD52843,,,,,,"2025-02-25 15:44:06"
469002,SD53650,,,,,,"2025-02-25 15:44:06"
469003,SD69642,,,,,,"2025-02-25 15:44:06"
469004,SD69689,,,,,,"2025-02-25 15:44:06"
469005,SD72214,,,,,,"2025-02-25 15:44:06"
469006,SD80504,,,,,,"2025-02-25 15:44:06"
469007,SD83675,,,,,,"2025-02-25 15:44:06"
469008,SD107941,,,,,,"2025-02-25 15:44:06"
469009,SD107943,,,,,,"2025-02-25 15:44:06"
469010,SD113141,,,,,,"2025-02-25 15:44:06"
469011,SD113142,,,,,,"2025-02-25 15:44:06"
469012,SD113143,,,,,,"2025-02-25 15:44:06"
469013,SD115698,,,,,,"2025-02-25 15:44:06"
469014,SD123965,,,,,,"2025-02-25 15:44:06"
469015,SD124475,,,,,,"2025-02-25 15:44:06"
469016,SD132661,,,,,,"2025-02-25 15:44:06"
469017,SD132662,,,,,,"2025-02-25 15:44:06"
469018,SD134015,,,,,,"2025-02-25 15:44:06"
469019,SD135182,,,,,,"2025-02-25 15:44:06"
469020,SD141415,,,,,,"2025-02-25 15:44:06"
469021,SD143423,,,,,,"2025-02-25 15:44:06"
469022,SD143970,,,,,,"2025-02-25 15:44:06"
469023,SD143984,,,,,,"2025-02-25 15:44:06"
469024,SD146356,,,,,,"2025-02-25 15:44:06"
469025,SD148417,,,,,,"2025-02-25 15:44:06"
469026,SD151742,,,,,,"2025-02-25 15:44:06"
469027,SD152110,,,,,,"2025-02-25 15:44:06"
469028,SD152111,,,,,,"2025-02-25 15:44:06"
469029,SD152899,,,,,,"2025-02-25 15:44:06"
469030,SD153381,,,,,,"2025-02-25 15:44:06"
469031,SD153382,,,,,,"2025-02-25 15:44:06"
469032,SD156069,,,,,,"2025-02-25 15:44:06"
469033,SD157255,,,,,,"2025-02-25 15:44:06"
469034,SD157256,,,,,,"2025-02-25 15:44:06"
469035,SD157257,,,,,,"2025-02-25 15:44:06"
469036,SD157543,,,,,,"2025-02-25 15:44:06"
469037,SD158325,,,,,,"2025-02-25 15:44:06"
469038,SD158504,,,,,,"2025-02-25 15:44:06"
469039,SD159490,,,,,,"2025-02-25 15:44:06"
469040,SD159826,,,,,,"2025-02-25 15:44:06"
469041,SD159827,,,,,,"2025-02-25 15:44:06"
469042,SD161231,,,,,,"2025-02-25 15:44:06"
469043,SD161232,,,,,,"2025-02-25 15:44:06"
469044,SD161233,,,,,,"2025-02-25 15:44:06"
469045,SD161538,,,,,,"2025-02-25 15:44:06"
469046,SD161792,,,,,,"2025-02-25 15:44:06"
469047,SD163490,,,,,,"2025-02-25 15:44:06"
469048,SD163491,,,,,,"2025-02-25 15:44:06"
469049,SD163772,,,,,,"2025-02-25 15:44:06"
469050,SD163773,,,,,,"2025-02-25 15:44:06"
469051,SD163774,,,,,,"2025-02-25 15:44:06"
469052,SD163775,,,,,,"2025-02-25 15:44:06"
469053,SD164272,,,,,,"2025-02-25 15:44:06"
469054,SD164761,,,,,,"2025-02-25 15:44:06"
469055,SD165247,,,,,,"2025-02-25 15:44:06"
469056,SD165248,,,,,,"2025-02-25 15:44:06"
469057,SD165249,,,,,,"2025-02-25 15:44:06"
469058,SD166302,,,,,,"2025-02-25 15:44:06"
469059,SD166505,,,,,,"2025-02-25 15:44:06"
469060,SD167690,,,,,,"2025-02-25 15:44:06"
469061,SD167691,,,,,,"2025-02-25 15:44:06"
469062,SD167692,,,,,,"2025-02-25 15:44:06"
469063,SD168392,,,,,,"2025-02-25 15:44:06"
469064,SD169324,,,,,,"2025-02-25 15:44:06"
469065,SD169325,,,,,,"2025-02-25 15:44:06"
469066,SD171067,,,,,,"2025-02-25 15:44:06"
469067,SD171068,,,,,,"2025-02-25 15:44:06"
469068,SD171069,,,,,,"2025-02-25 15:44:06"
469069,SD171070,,,,,,"2025-02-25 15:44:06"
469070,SD171625,,,,,,"2025-02-25 15:44:06"
469071,SD172668,,,,,,"2025-02-25 15:44:06"
469072,SD173244,,,,,,"2025-02-25 15:44:06"
469073,SD173424,,,,,,"2025-02-25 15:44:06"
469074,SD173662,,,,,,"2025-02-25 15:44:06"
469075,SD173663,,,,,,"2025-02-25 15:44:06"
469076,SD174367,,,,,,"2025-02-25 15:44:06"
469077,SD174368,,,,,,"2025-02-25 15:44:06"
469078,SD174902,,,,,,"2025-02-25 15:44:06"
469079,SD176307,,,,,,"2025-02-25 15:44:06"
469080,SD176308,,,,,,"2025-02-25 15:44:06"
469081,SD176309,,,,,,"2025-02-25 15:44:06"
469082,SD176310,,,,,,"2025-02-25 15:44:06"
469083,SD176311,,,,,,"2025-02-25 15:44:06"
469084,SD176312,,,,,,"2025-02-25 15:44:06"
469085,SD176313,,,,,,"2025-02-25 15:44:06"
469086,SD177225,,,,,,"2025-02-25 15:44:06"
469087,SD177226,,,,,,"2025-02-25 15:44:06"
469088,SD178667,,,,,,"2025-02-25 15:44:06"
469089,SD178668,,,,,,"2025-02-25 15:44:06"
469090,SD180381,,,,,,"2025-02-25 15:44:06"
469091,SD180964,,,,,,"2025-02-25 15:44:06"
469092,SD180965,,,,,,"2025-02-25 15:44:06"
469093,SD183723,,,,,,"2025-02-25 15:44:06"
469094,SD183724,,,,,,"2025-02-25 15:44:06"
469095,SD183725,,,,,,"2025-02-25 15:44:06"
469096,SD183726,,,,,,"2025-02-25 15:44:06"
469097,SD184280,,,,,,"2025-02-25 15:44:06"
469098,SD184281,,,,,,"2025-02-25 15:44:06"
469099,SD184711,,,,,,"2025-02-25 15:44:06"
469100,SD184712,,,,,,"2025-02-25 15:44:06"
469101,SD184713,,,,,,"2025-02-25 15:44:06"
469102,SD185612,,,,,,"2025-02-25 15:44:06"
469103,SD186750,,,,,,"2025-02-25 15:44:06"
469104,SD187796,,,,,,"2025-02-25 15:44:06"
469105,SD187797,,,,,,"2025-02-25 15:44:06"
469106,SD188816,,,,,,"2025-02-25 15:44:06"
469107,SD189584,,,,,,"2025-02-25 15:44:06"
469108,SD189585,,,,,,"2025-02-25 15:44:06"
469109,SD191022,,,,,,"2025-02-25 15:44:06"
469110,SD191023,,,,,,"2025-02-25 15:44:06"
469111,SD191024,,,,,,"2025-02-25 15:44:06"
469112,SD193256,,,,,,"2025-02-25 15:44:06"
469113,SD193717,,,,,,"2025-02-25 15:44:06"
469114,SD193718,,,,,,"2025-02-25 15:44:06"
469115,SD194984,,,,,,"2025-02-25 15:44:06"
469116,SD194985,,,,,,"2025-02-25 15:44:06"
469117,SD196385,,,,,,"2025-02-25 15:44:06"
469118,SD196386,,,,,,"2025-02-25 15:44:06"
469119,SD200801,,,,,,"2025-02-25 15:44:06"
469120,SD200802,,,,,,"2025-02-25 15:44:06"
469121,SD200803,,,,,,"2025-02-25 15:44:06"
469122,SD201518,,,,,,"2025-02-25 15:44:06"
469123,SD201519,,,,,,"2025-02-25 15:44:06"
469124,SD204206,,,,,,"2025-02-25 15:44:06"
469125,SD205687,,,,,,"2025-02-25 15:44:06"
469126,SD208748,,,,,,"2025-02-25 15:44:06"
469127,SD210878,,,,,,"2025-02-25 15:44:06"
469128,SD210879,,,,,,"2025-02-25 15:44:06"
469129,SD210880,,,,,,"2025-02-25 15:44:06"
469130,SD210881,,,,,,"2025-02-25 15:44:06"
469131,SD212118,,,,,,"2025-02-25 15:44:06"
469132,SD212534,,,,,,"2025-02-25 15:44:06"
469133,SD217644,,,,,,"2025-02-25 15:44:06"
469134,SD217645,,,,,,"2025-02-25 15:44:06"
469135,SD219419,,,,,,"2025-02-25 15:44:06"
469136,SD219420,,,,,,"2025-02-25 15:44:06"
469137,SD221067,,,,,,"2025-02-25 15:44:06"
469138,SD221612,,,,,,"2025-02-25 15:44:06"
469139,SD223379,,,,,,"2025-02-25 15:44:06"
469140,SD225505,,,,,,"2025-02-25 15:44:06"
469141,SD226427,,,,,,"2025-02-25 15:44:06"
469142,SD226428,,,,,,"2025-02-25 15:44:06"
469143,SD228148,,,,,,"2025-02-25 15:44:06"
469144,SD230499,,,,,,"2025-02-25 15:44:06"
469145,SD230500,,,,,,"2025-02-25 15:44:06"
469146,SD234054,,,,,,"2025-02-25 15:44:06"
469147,SD235297,,,,,,"2025-02-25 15:44:06"
469148,SD236247,,,,,,"2025-02-25 15:44:06"
469149,SD236248,,,,,,"2025-02-25 15:44:06"
469150,SD237775,,,,,,"2025-02-25 15:44:06"
469151,SD237776,,,,,,"2025-02-25 15:44:06"
469152,SD238100,,,,,,"2025-02-25 15:44:06"
469153,SD238101,,,,,,"2025-02-25 15:44:06"
469154,SD238678,,,,,,"2025-02-25 15:44:06"
469155,SD240613,,,,,,"2025-02-25 15:44:06"
469156,SD246807,,,,,,"2025-02-25 15:44:06"
469157,SD246814,,,,,,"2025-02-25 15:44:06"
469159,SD248609,,,,,,"2025-02-25 15:44:06"
469160,SD252092,,,,,,"2025-02-25 15:44:06"
469161,SD252093,,,,,,"2025-02-25 15:44:06"
469162,SD252094,,,,,,"2025-02-25 15:44:06"
469163,SD252095,,,,,,"2025-02-25 15:44:06"
469164,SD252096,,,,,,"2025-02-25 15:44:06"
469165,SD252097,,,,,,"2025-02-25 15:44:06"
469166,SD252300,,,,,,"2025-02-25 15:44:06"
469167,SD252301,,,,,,"2025-02-25 15:44:06"
469168,SD252302,,,,,,"2025-02-25 15:44:06"
469169,SD253074,,,,,,"2025-02-25 15:44:06"
469170,SD253075,,,,,,"2025-02-25 15:44:06"
469171,SD253076,,,,,,"2025-02-25 15:44:06"
469172,SD253077,,,,,,"2025-02-25 15:44:06"
469173,SD253730,,,,,,"2025-02-25 15:44:06"
469174,SD253731,,,,,,"2025-02-25 15:44:06"
469175,SD253732,,,,,,"2025-02-25 15:44:06"
469176,SD254289,,,,,,"2025-02-25 15:44:06"
469178,SD257235,,,,,,"2025-02-25 15:44:06"
469179,SD263391,,,,,,"2025-02-25 15:44:06"
631780,IRVC1150,,,,,,"2022-03-31 16:23:21"
632033,IRVC5365,legacyOtherCatalogNumber,,"Auto generated during record merge",,,"2026-03-11 03:22:39"
632599,IRVC18540,legacyOtherCatalogNumber,,"Auto generated during record merge",,,"2026-03-05 21:35:24"
637694,820263,"RSA accession",,,,,"2022-04-05 13:55:30"
639302,431497,"RSA accession",,,,,"2022-04-05 13:55:30"
645142,653620,"RSA accession",,,,,"2022-04-05 13:55:30"
645300,660311,"RSA accession",,,,,"2022-04-05 13:55:30"
646907,703880,"RSA accession",,,,,"2022-04-05 13:55:30"
648549,331,"RSA accession",,,,,"2022-04-05 13:55:30"
651117,749529,"RSA accession",,,,,"2022-04-05 13:55:30"
652363,127770,"RSA accession",,,,,"2022-04-05 13:55:30"
652945,535221,"RSA accession",,,,,"2022-04-05 13:55:30"
657525,431493,"RSA accession",,,,,"2022-04-05 13:55:30"
659987,43502,"RSA accession",,,,,"2022-04-05 13:55:30"
667072,431503,"RSA accession",,,,,"2022-04-05 13:55:30"
668312,613313,"RSA accession",,,,,"2022-04-05 13:55:30"
675717,592437,"RSA accession",,,,,"2022-04-05 13:55:30"
681941,482865,"RSA accession",,,,,"2022-04-05 13:55:30"
682744,2250,"RSA accession",,,,,"2022-04-05 13:55:30"
684007,431508,"RSA accession",,,,,"2022-04-05 13:55:30"
684420,861308,"RSA accession",,,,,"2022-04-05 13:55:30"
693888,841017,"RSA accession",,,,,"2022-04-05 13:55:30"
696481,549444,"RSA accession",,,,,"2022-04-05 13:55:30"
698690,66077,"RSA accession",,,,,"2022-04-05 13:55:30"
701419,131602,"RSA accession",,,,,"2022-04-05 13:55:30"
702128,522980,"RSA accession",,,,,"2022-04-05 13:55:30"
705793,763925,"RSA accession",,,,,"2022-04-05 13:55:30"
706113,245205,"RSA accession",,,,,"2022-04-05 13:55:30"
706792,660838,"RSA accession",,,,,"2022-04-05 13:55:30"
708215,592513,"RSA accession",,,,,"2022-04-05 13:55:30"
710528,273391,"POM accession",,,,,"2022-04-05 13:40:26"
711677,552161,"RSA accession",,,,,"2022-04-05 13:55:30"
712539,188363,"RSA accession",,,,,"2022-04-05 13:55:30"
712565,431471,"RSA accession",,,,,"2022-04-05 13:55:30"
715148,34319,"RSA accession",,,,,"2022-04-05 13:55:30"
716024,543965,"RSA accession",,,,,"2022-04-05 13:55:30"
720189,169192,"RSA accession",,,,,"2022-04-05 13:55:30"
720388,273400,"POM accession",,,,,"2022-04-05 13:40:26"
721961,652842,"RSA accession",,,,,"2022-04-05 13:55:30"
721997,496229,"RSA accession",,,,,"2022-04-05 13:55:30"
732955,431477,"RSA accession",,,,,"2022-04-05 13:55:30"
734125,431490,"RSA accession",,,,,"2022-04-05 13:55:30"
736948,562750,"RSA accession",,,,,"2022-04-05 13:55:30"
738882,616858,"RSA accession",,,,,"2022-04-05 13:55:30"
742860,318096,"RSA accession",,,,,"2022-04-05 13:55:30"
747857,273395,"POM accession",,,,,"2022-04-05 13:40:26"
753633,212520,"RSA accession",,,,,"2022-04-05 13:55:30"
760531,273392,"POM accession",,,,,"2022-04-05 13:40:26"
763659,825516,"RSA accession",,,,,"2022-04-05 13:55:30"
764500,306601,"POM accession",,,,,"2022-04-05 13:40:26"
765477,128343,"RSA accession",,,,,"2022-04-05 13:55:30"
778436,810125,"RSA accession",,,,,"2022-04-05 13:55:30"
783353,833155,"RSA accession",,,,,"2022-04-05 13:55:30"
786393,302264,"POM accession",,,,,"2022-04-05 13:40:26"
790470,820322,"RSA accession",,,,,"2022-04-05 13:55:30"
806147,431473,"RSA accession",,,,,"2022-04-05 13:55:30"
807444,33888,"RSA accession",,,,,"2022-04-05 13:55:30"
824961,653642,"RSA accession",,,,,"2022-04-05 13:55:30"
863673,188016,"RSA accession",,,,,"2022-04-05 13:55:30"
869110,805368,"RSA accession",,,,,"2022-04-05 13:55:30"
884140,273399,"POM accession",,,,,"2022-04-05 13:40:26"
884527,632017,"RSA accession",,,,,"2022-04-05 13:55:30"
899090,612445,"RSA accession",,,,,"2022-04-05 13:55:30"
902357,648331,"RSA accession",,,,,"2022-04-05 13:55:30"
904925,127263,"POM accession",,,,,"2022-04-05 13:40:26"
906238,12335,"POM accession",,,,,"2022-04-05 13:40:26"
911273,833875,"RSA accession",,,,,"2022-04-05 13:55:30"
911854,651170,"RSA accession",,,,,"2022-04-05 13:55:30"
917287,396,"POM accession",,,,,"2022-04-05 13:40:26"
920853,188243,"RSA accession",,,,,"2022-04-05 13:55:30"
920878,431504,"RSA accession",,,,,"2022-04-05 13:55:30"
921047,808972,"RSA accession",,,,,"2022-04-05 13:55:30"
922570,841012,"RSA accession",,,,,"2022-04-05 13:55:30"
924148,654729,"RSA accession",,,,,"2022-04-05 13:55:30"
929206,641050,"RSA accession",,,,,"2022-04-05 13:55:30"
929536,94326,"POM accession",,,,,"2022-04-05 13:40:26"
931379,592308,"RSA accession",,,,,"2022-04-05 13:55:30"
935273,273397,"POM accession",,,,,"2022-04-05 13:40:26"
936672,544285,"RSA accession",,,,,"2022-04-05 13:55:30"
936997,38940,"RSA accession",,,,,"2022-04-05 13:55:30"
942671,293205,"POM accession",,,,,"2022-04-05 13:40:26"
942849,431469,"RSA accession",,,,,"2022-04-05 13:55:30"
943444,842370,"RSA accession",,,,,"2022-04-05 13:55:30"
945368,549392,"RSA accession",,,,,"2022-04-05 13:55:30"
945473,696067,"RSA accession",,,,,"2022-04-05 13:55:30"
947300,18431,"RSA accession",,,,,"2022-04-05 13:55:30"
950503,859518,"RSA accession",,,,,"2022-04-05 13:55:30"
953408,431470,"RSA accession",,,,,"2022-04-05 13:55:30"
956318,738051,"RSA accession",,,,,"2022-04-05 13:55:30"
956927,431505,"RSA accession",,,,,"2022-04-05 13:55:30"
957317,431487,"RSA accession",,,,,"2022-04-05 13:55:30"
962044,306600,"POM accession",,,,,"2022-04-05 13:40:26"
963330,431501,"RSA accession",,,,,"2022-04-05 13:55:30"
963366,431474,"RSA accession",,,,,"2022-04-05 13:55:30"
964523,431506,"RSA accession",,,,,"2022-04-05 13:55:30"
965151,154398,"POM accession",,,,,"2022-04-05 13:40:26"
968734,431475,"RSA accession",,,,,"2022-04-05 13:55:30"
969955,650687,"RSA accession",,,,,"2022-04-05 13:55:30"
970742,550700,"RSA accession",,,,,"2022-04-05 13:55:30"
971402,431484,"RSA accession",,,,,"2022-04-05 13:55:30"
974876,657374,"RSA accession",,,,,"2022-04-05 13:55:30"
975870,585061,"RSA accession",,,,,"2022-04-05 13:55:30"
977847,710229,"RSA accession",,,,,"2022-04-05 13:55:30"
978189,158333,"RSA accession",,,,,"2022-04-05 13:55:30"
978519,821302,"RSA accession",,,,,"2022-04-05 13:55:30"
979589,833867,"RSA accession",,,,,"2022-04-05 13:55:30"
979678,647838,"RSA accession",,,,,"2022-04-05 13:55:30"
981037,649807,"RSA accession",,,,,"2022-04-05 13:55:30"
981549,431482,"RSA accession",,,,,"2022-04-05 13:55:30"
983097,730245,"RSA accession",,,,,"2022-04-05 13:55:30"
983573,431499,"RSA accession",,,,,"2022-04-05 13:55:30"
987958,724765,"RSA accession",,,,,"2022-04-05 13:55:30"
992535,158284,"RSA accession",,,,,"2022-04-05 13:55:30"
993506,188015,"RSA accession",,,,,"2022-04-05 13:55:30"
996141,743371,"RSA accession",,,,,"2022-04-05 13:55:30"
997281,431485,"RSA accession",,,,,"2022-04-05 13:55:30"
1000036,307800,"POM accession",,,,,"2022-04-05 13:40:26"
1000363,830115,"RSA accession",,,,,"2022-04-05 13:55:30"
1002700,868587,"RSA accession",,,,,"2022-04-05 13:55:30"
1005302,651175,"RSA accession",,,,,"2022-04-05 13:55:30"
1005483,237977,"RSA accession",,,,,"2022-04-05 13:55:30"
1006340,431507,"RSA accession",,,,,"2022-04-05 13:55:30"
1007312,223813,"RSA accession",,,,,"2022-04-05 13:55:30"
1007750,431488,"RSA accession",,,,,"2022-04-05 13:55:30"
1008177,273403,"POM accession",,,,,"2022-04-05 13:40:26"
1011868,431480,"RSA accession",,,,,"2022-04-05 13:55:30"
1012091,651173,"RSA accession",,,,,"2022-04-05 13:55:30"
1019723,210922,"RSA accession",,,,,"2022-04-05 13:55:30"
1023894,191079,"RSA accession",,,,,"2022-04-05 13:55:30"
1024091,710230,"RSA accession",,,,,"2022-04-05 13:55:30"
1028268,88977,"RSA accession",,,,,"2022-04-05 13:55:30"
1031022,831807,"RSA accession",,,,,"2022-04-05 13:55:30"
1032722,838744,"RSA accession",,,,,"2022-04-05 13:55:30"
1038144,843880,"RSA accession",,,,,"2022-04-05 13:55:30"
1038859,305406,"RSA accession",,,,,"2022-04-05 13:55:30"
1042728,652694,"RSA accession",,,,,"2022-04-05 13:55:30"
1045059,273402,"POM accession",,,,,"2022-04-05 13:40:26"
1045565,805207,"RSA accession",,,,,"2022-04-05 13:55:30"
1045591,431489,"RSA accession",,,,,"2022-04-05 13:55:30"
1045951,431500,"RSA accession",,,,,"2022-04-05 13:55:30"
1047487,362035,"RSA accession",,,,,"2022-04-05 13:55:30"
1049270,220979,"RSA accession",,,,,"2022-04-05 13:55:30"
1049760,398,"POM accession",,,,,"2022-04-05 13:40:26"
1050131,431483,"RSA accession",,,,,"2022-04-05 13:55:30"
1053432,131601,"RSA accession",,,,,"2022-04-05 13:55:30"
1056531,680499,"RSA accession",,,,,"2022-04-05 13:55:30"
1062094,722375,"RSA accession",,,,,"2022-04-05 13:55:30"
1062233,523187,"RSA accession",,,,,"2022-04-05 13:55:30"
1062780,857133,"RSA accession",,,,,"2022-04-05 13:55:30"
1064654,509614,"RSA accession",,,,,"2022-04-05 13:55:30"
1065878,806593,"RSA accession",,,,,"2022-04-05 13:55:30"
1065943,535371,"RSA accession",,,,,"2022-04-05 13:55:30"
1068117,431510,"RSA accession",,,,,"2022-04-05 13:55:30"
1078648,397,"POM accession",,,,,"2022-04-05 13:40:26"
1079274,647826,"RSA accession",,,,,"2022-04-05 13:55:30"
1079969,431472,"RSA accession",,,,,"2022-04-05 13:55:30"
1080763,431479,"RSA accession",,,,,"2022-04-05 13:55:30"
1081752,856753,"RSA accession",,,,,"2022-04-05 13:55:30"
1086800,800320,"RSA accession",,,,,"2022-04-05 13:55:30"
1087030,824420,"RSA accession",,,,,"2022-04-05 13:55:30"
1088087,860145,"RSA accession",,,,,"2022-04-05 13:55:30"
1088339,813805,"RSA accession",,,,,"2022-04-05 13:55:30"
1089689,824425,"RSA accession",,,,,"2022-04-05 13:55:30"
1091776,12237,"POM accession",,,,,"2022-04-05 13:40:26"
1092827,431494,"RSA accession",,,,,"2022-04-05 13:55:30"
1092848,287037B,"RSA accession",,,,,"2022-04-05 13:55:30"
1095891,9299,"RSA accession",,,,,"2022-04-05 13:55:30"
1097620,828287,"RSA accession",,,,,"2022-04-05 13:55:30"
1102188,431498,"RSA accession",,,,,"2022-04-05 13:55:30"
1104772,293233,"POM accession",,,,,"2022-04-05 13:40:26"
1105310,342528,"RSA accession",,,,,"2022-04-05 13:55:30"
1107311,856752,"RSA accession",,,,,"2022-04-05 13:55:30"
1107386,614874,"RSA accession",,,,,"2022-04-05 13:55:30"
1109834,289043,"RSA accession",,,,,"2022-04-05 13:55:30"
1109866,431495,"RSA accession",,,,,"2022-04-05 13:55:30"
1110471,181430,"POM accession",,,,,"2022-04-05 13:40:26"
1110606,4790,"RSA accession",,,,,"2022-04-05 13:55:30"
1113607,11898,"RSA accession",,,,,"2022-04-05 13:55:30"
1114974,12397,"RSA accession",,,,,"2022-04-05 13:55:30"
1116413,187274,"RSA accession",,,,,"2022-04-05 13:55:30"
1119072,49298,"POM accession",,,,,"2022-04-05 13:40:26"
1119747,431478,"RSA accession",,,,,"2022-04-05 13:55:30"
1123184,678606,"RSA accession",,,,,"2022-04-05 13:55:30"
1123870,273398,"POM accession",,,,,"2022-04-05 13:40:26"
1132499,431492,"RSA accession",,,,,"2022-04-05 13:55:30"
1133685,651171,"RSA accession",,,,,"2022-04-05 13:55:30"
1135332,431509,"RSA accession",,,,,"2022-04-05 13:55:30"
1135498,96159,"POM accession",,,,,"2022-04-05 13:40:26"
1136130,699328,"RSA accession",,,,,"2022-04-05 13:55:30"
1142685,221597,"RSA accession",,,,,"2022-04-05 13:55:30"
1142753,824417,"RSA accession",,,,,"2022-04-05 13:55:30"
1143465,660780,"RSA accession",,,,,"2022-04-05 13:55:30"
1143640,608062,"RSA accession",,,,,"2022-04-05 13:55:30"
1145586,188014,"RSA accession",,,,,"2022-04-05 13:55:30"
1146837,482907,"RSA accession",,,,,"2022-04-05 13:55:30"
1146969,548750,"RSA accession",,,,,"2022-04-05 13:55:30"
1153085,126321,"RSA accession",,,,,"2022-04-05 13:55:30"
1156433,680751,"RSA accession",,,,,"2022-04-05 13:55:30"
1160373,332407,"RSA accession",,,,,"2022-04-05 13:55:30"
1163065,641700,"RSA accession",,,,,"2022-04-05 13:55:30"
1166795,775548,"RSA accession",,,,,"2022-04-05 13:55:30"
1171088,431486,"RSA accession",,,,,"2022-04-05 13:55:30"
1171501,683132,"RSA accession",,,,,"2022-04-05 13:55:30"
1172887,650686,"RSA accession",,,,,"2022-04-05 13:55:30"
1174478,763926,"RSA accession",,,,,"2022-04-05 13:55:30"
1175435,603735,"RSA accession",,,,,"2022-04-05 13:55:30"
1177175,192199,"RSA accession",,,,,"2022-04-05 13:55:30"
1177657,249486,"RSA accession",,,,,"2022-04-05 13:55:30"
1184063,33816,"RSA accession",,,,,"2022-04-05 13:55:30"
1186667,525340,"RSA accession",,,,,"2022-04-05 13:55:30"
1191094,833498,"RSA accession",,,,,"2022-04-05 13:55:30"
1192564,431502,"RSA accession",,,,,"2022-04-05 13:55:30"
1193190,307355,"POM accession",,,,,"2022-04-05 13:40:26"
1194214,184089,"RSA accession",,,,,"2022-04-05 13:55:30"
1195442,641701,"RSA accession",,,,,"2022-04-05 13:55:30"
1201106,747028,"RSA accession",,,,,"2022-04-05 13:55:30"
1201734,431496,"RSA accession",,,,,"2022-04-05 13:55:30"
1201840,679201,"RSA accession",,,,,"2022-04-05 13:55:30"
1202028,825517,"RSA accession",,,,,"2022-04-05 13:55:30"
1202206,431491,"RSA accession",,,,,"2022-04-05 13:55:30"
1205092,431481,"RSA accession",,,,,"2022-04-05 13:55:30"
1208522,118912,"RSA accession",,,,,"2022-04-05 13:55:30"
1209922,828288,"RSA accession",,,,,"2022-04-05 13:55:30"
1211305,256670,"RSA accession",,,,,"2022-04-05 13:55:30"
1213435,651174,"RSA accession",,,,,"2022-04-05 13:55:30"
1213517,522979,"RSA accession",,,,,"2022-04-05 13:55:30"
1219161,651172,"RSA accession",,,,,"2022-04-05 13:55:30"
1220864,512050,"RSA accession",,,,,"2022-04-05 13:55:30"
1224569,783291,"RSA accession",,,,,"2022-04-05 13:55:30"
1224957,5502,"RSA accession",,,,,"2022-04-05 13:55:30"
1235238,617187,"RSA accession",,,,,"2022-04-05 13:55:30"
1239382,704340,"RSA accession",,,,,"2022-04-05 13:55:30"
1240026,202603,"POM accession",,,,,"2022-04-05 13:40:26"
1244315,598219,"RSA accession",,,,,"2022-04-05 13:55:30"
1247827,307009,"POM accession",,,,,"2022-04-05 13:40:26"
1249156,680422,"RSA accession",,,,,"2022-04-05 13:55:30"
1299035,DAV137094,"Accession #",,,,,"2022-04-08 08:11:26"
1300530,DAV168473,"Accession #",,,,,"2022-04-08 08:11:26"
1302899,DAV159058,"Accession #",,,,,"2022-04-08 08:11:26"
1305691,AHUC36433,"Accession #",,,,,"2022-04-08 08:11:26"
1310159,AHUC25307,"Accession #",,,,,"2022-04-08 08:11:26"
1310405,AHUC31190,"Accession #",,,,,"2022-04-08 08:11:26"
1311269,DAV163876,"Accession #",,,,,"2022-04-08 08:11:26"
1312007,DAV164009,"Accession #",,,,,"2022-04-08 08:11:26"
1312145,DAV163587,"Accession #",,,,,"2022-04-08 08:11:26"
1320905,DAV169291,"Accession #",,,,,"2022-04-08 08:11:26"
1320906,DAV169222,"Accession #",,,,,"2022-04-08 08:11:26"
1327836,DAV172944,"Accession #",,,,,"2022-04-08 08:11:26"
1333957,DAV131875,"Accession #",,,,,"2022-04-08 08:11:26"
1336457,DAV183040,"Accession #",,,,,"2022-04-08 08:11:26"
1336458,DAV183041,"Accession #",,,,,"2022-04-08 08:11:26"
1337204,DAV186082,"Accession #",,,,,"2022-04-08 08:11:26"
1339126,DAV152338,"Accession #",,,,,"2022-04-08 08:11:26"
1367980,DAV21651,"Accession #",,,,,"2022-04-08 08:11:26"
1367981,DAV82089,"Accession #",,,,,"2022-04-08 08:11:26"
1367982,DAV90191,"Accession #",,,,,"2022-04-08 08:11:26"
1367983,DAV123219,"Accession #",,,,,"2022-04-08 08:11:26"
1367984,DAV50527,"Accession #",,,,,"2022-04-08 08:11:26"
1367985,DAV153396,"Accession #",,,,,"2022-04-08 08:11:26"
1367986,DAV33424,"Accession #",,,,,"2022-04-08 08:11:26"
1367987,DAV127852,"Accession #",,,,,"2022-04-08 08:11:26"
1367988,DAV16460,"Accession #",,,,,"2022-04-08 08:11:26"
1367989,DAV119724,"Accession #",,,,,"2022-04-08 08:11:26"
1367990,DAV2640,"Accession #",,,,,"2022-04-08 08:11:26"
1367991,DAV2628,"Accession #",,,,,"2022-04-08 08:11:26"
1367992,DAV2633,"Accession #",,,,,"2022-04-08 08:11:26"
1367993,DAV130223,"Accession #",,,,,"2022-04-08 08:11:26"
1367994,DAV137102,"Accession #",,,,,"2022-04-08 08:11:26"
1367995,AHUC147401,"Accession #",,,,,"2022-04-08 08:11:26"
1367996,AHUC20205,"Accession #",,,,,"2022-04-08 08:11:26"
1367997,AHUC27840,"Accession #",,,,,"2022-04-08 08:11:26"
1367998,DAV34630,"Accession #",,,,,"2022-04-08 08:11:26"
1367999,DAV98674,"Accession #",,,,,"2022-04-08 08:11:26"
1368000,DAV98675,"Accession #",,,,,"2022-04-08 08:11:26"
1368001,DAV2629,"Accession #",,,,,"2022-04-08 08:11:26"
1368002,DAV2634,"Accession #",,,,,"2022-04-08 08:11:26"
1368003,DAV9503,"Accession #",,,,,"2022-04-08 08:11:26"
1368004,DAV9634,"Accession #",,,,,"2022-04-08 08:11:26"
1368005,DAV84840,"Accession #",,,,,"2022-04-08 08:11:26"
1368006,DAV2639,"Accession #",,,,,"2022-04-08 08:11:26"
1368007,DAV176898,"Accession #",,,,,"2022-04-08 08:11:26"
1368008,DAV175922,"Accession #",,,,,"2022-04-08 08:11:26"
1368009,DAV176044,"Accession #",,,,,"2022-04-08 08:11:26"
1368010,DAV177939,"Accession #",,,,,"2022-04-08 08:11:26"
1368011,DAV123188,"Accession #",,,,,"2022-04-08 08:11:26"
1368025,DAV37303,"Accession #",,,,,"2022-04-08 08:11:26"
1368028,DAV2631,"Accession #",,,,,"2022-04-08 08:11:26"
1368029,DAV2643,"Accession #",,,,,"2022-04-08 08:11:26"
1368030,DAV95794,"Accession #",,,,,"2022-04-08 08:11:26"
1368032,DAV33461,"Accession #",,,,,"2022-04-08 08:11:26"
1368034,DAV10202,"Accession #",,,,,"2022-04-08 08:11:26"
1368035,DAV2630,"Accession #",,,,,"2022-04-08 08:11:26"
1368036,DAV2637,"Accession #",,,,,"2022-04-08 08:11:26"
1368038,DAV10561,"Accession #",,,,,"2022-04-08 08:11:26"
1368039,DAV93841,"Accession #",,,,,"2022-04-08 08:11:26"
1368040,DAV16461,"Accession #",,,,,"2022-04-08 08:11:26"
1368041,DAV88983,"Accession #",,,,,"2022-04-08 08:11:26"
1368043,DAV29667,"Accession #",,,,,"2022-04-08 08:11:26"
1368045,DAV27828,"Accession #",,,,,"2022-04-08 08:11:26"
1368046,DAV35673,"Accession #",,,,,"2022-04-08 08:11:26"
1368047,DAV132813,"Accession #",,,,,"2022-04-08 08:11:26"
1368049,DAV132954,"Accession #",,,,,"2022-04-08 08:11:26"
1368051,DAV89770,"Accession #",,,,,"2022-04-08 08:11:26"
1368052,DAV9821,"Accession #",,,,,"2022-04-08 08:11:26"
1368053,DAV2644,"Accession #",,,,,"2022-04-08 08:11:26"
1368054,DAV31060,"Accession #",,,,,"2022-04-08 08:11:26"
1368055,DAV32166,"Accession #",,,,,"2022-04-08 08:11:26"
1368057,DAV98672,"Accession #",,,,,"2022-04-08 08:11:26"
1368058,DAV98673,"Accession #",,,,,"2022-04-08 08:11:26"
1372819,DAV196465,"Accession #",,,,,"2022-04-08 08:11:26"
1392578,DAV201368,"Accession #",,,,,"2022-04-08 08:11:26"
1399259,DAV212011,"Accession #",,,,,"2022-04-08 08:11:26"
1399260,DAV212010,"Accession #",,,,,"2022-04-08 08:11:26"
1399261,DAV212009,"Accession #",,,,,"2022-04-08 08:11:26"
1399262,DAV212008,"Accession #",,,,,"2022-04-08 08:11:26"
1399932,DAV212841,"Accession #",,,,,"2022-04-08 08:11:26"
1430242,138483,SBBG_old,,,,,"2022-11-17 18:28:36"
1443125,UCR-23232,,,,,,"2025-02-16 01:03:09"
1443127,UCR-25996,,,,,,"2025-02-16 01:03:09"
1443128,UCR-38991,,,,,,"2025-02-16 01:03:09"
1443129,UCR-23192,,,,,,"2025-02-16 01:03:09"
1443133,UCR-4160,,,,,,"2025-02-16 01:03:09"
1459126,UCR-46987,,,,,,"2025-02-16 01:03:09"
1459128,UCR-50868,,,,,,"2025-02-16 01:03:09"
1459129,UCR-44434,,,,,,"2025-02-16 01:03:09"
1459130,UCR-41721,,,,,,"2025-02-16 01:03:09"
1459132,UCR-75449,,,,,,"2025-02-16 01:03:09"
1467990,UCR-100464,,,,,,"2025-02-16 01:03:09"
1474357,UCR-97830,,,,,,"2025-02-16 01:03:09"
1474359,UCR-92666,,,,,,"2025-02-16 01:03:09"
1474360,UCR-96409,,,,,,"2025-02-16 01:03:09"
1474361,UCR-91291,,,,,,"2025-02-16 01:03:09"
1474363,UCR-92713,,,,,,"2025-02-16 01:03:09"
1474364,UCR-95919,,,,,,"2025-02-16 01:03:09"
1474365,UCR-91301,,,,,,"2025-02-16 01:03:09"
1480899,UCR-112064,,,,,,"2025-02-16 01:03:09"
1483561,UCR-114490,,,,,,"2025-02-16 01:03:09"
1485142,UCR-108189,,,,,,"2025-02-16 01:03:09"
1512711,UCR-37423,,,,,,"2025-02-16 01:03:09"
1522188,UCR-75883,,,,,,"2025-02-16 01:03:09"
1522190,UCR-58117,,,,,,"2025-02-16 01:03:09"
1522194,UCR-54163,,,,,,"2025-02-16 01:03:09"
1522196,UCR-46418,,,,,,"2025-02-16 01:03:09"
1522197,UCR-50272,,,,,,"2025-02-16 01:03:09"
1537502,UCR-126528,,,,,,"2025-02-16 01:03:09"
1544580,UCR-130359,,,,,,"2025-02-16 01:03:09"
1546416,UCR-131451,,,,,,"2025-02-16 01:03:09"
1547140,UCR-132061,,,,,,"2025-02-16 01:03:09"
1548194,UCR-132500,,,,,,"2025-02-16 01:03:09"
1555576,UCR-136909,,,,,,"2025-02-16 01:03:09"
1560057,UCR-140382,,,,,,"2025-02-16 01:03:09"
1562372,UCR-141975,,,,,,"2025-02-16 01:03:09"
1562530,UCR-142243,,,,,,"2025-02-16 01:03:09"
1563687,UCR-142768,,,,,,"2025-02-16 01:03:09"
1566244,UCR-145934,,,,,,"2025-02-16 01:03:09"
1569504,UCR-150734,,,,,,"2025-02-16 01:03:09"
1572304,UCR-152681,,,,,,"2025-02-16 01:03:09"
1575247,UCR-155407,,,,,,"2025-02-16 01:03:09"
1576181,UCR-156227,,,,,,"2025-02-16 01:03:09"
1578414,UCR-159056,,,,,,"2025-02-16 01:03:09"
1578856,UCR-159537,,,,,,"2025-02-16 01:03:09"
1582894,UCR-162834,,,,,,"2025-02-16 01:03:09"
1583074,UCR-162907,,,,,,"2025-02-16 01:03:09"
1585505,UCR-165383,,,,,,"2025-02-16 01:03:09"
1588191,UCR-168611,,,,,,"2025-02-16 01:03:09"
1590780,UCR-171024,,,,,,"2025-02-16 01:03:09"
1591165,UCR-171547,,,,,,"2025-02-16 01:03:09"
1591417,UCR-171635,,,,,,"2025-02-16 01:03:09"
1591452,UCR-171675,,,,,,"2025-02-16 01:03:09"
1591568,UCR-171704,,,,,,"2025-02-16 01:03:09"
1601338,UCR-182144,,,,,,"2025-02-16 01:03:09"
1602409,UCR-183341,,,,,,"2025-02-16 01:03:09"
1603927,UCR-184833,,,,,,"2025-02-16 01:03:09"
1604716,UCR-182966,,,,,,"2025-02-16 01:03:09"
1606153,UCR-186697,,,,,,"2025-02-16 01:03:09"
1607550,UCR-188492,,,,,,"2025-02-16 01:03:09"
1612297,UCR-193270,,,,,,"2025-02-16 01:03:09"
1613574,UCR-194716,,,,,,"2025-02-16 01:03:09"
1613581,UCR-194704,,,,,,"2025-02-16 01:03:09"
1615905,UCR-197500,,,,,,"2025-02-16 01:03:09"
1616502,UCR-198447,,,,,,"2025-02-16 01:03:09"
1617536,UCR-198016,,,,,,"2025-02-16 01:03:09"
1619748,UCR-201738,,,,,,"2025-02-16 01:03:09"
1619773,UCR-201547,,,,,,"2025-02-16 01:03:09"
1620243,UCR-201934,,,,,,"2025-02-16 01:03:09"
1620584,UCR-202030,,,,,,"2025-02-16 01:03:09"
1623528,UCR-206871,,,,,,"2025-02-16 01:03:09"
1623574,UCR-206694,,,,,,"2025-02-16 01:03:09"
1630048,UCR-213438,,,,,,"2025-02-16 01:03:09"
1635523,UCR-217839,,,,,,"2025-02-16 01:03:09"
1635613,UCR-217279,,,,,,"2025-02-16 01:03:09"
1635838,UCR-217293,,,,,,"2025-02-16 01:03:09"
1648787,UCR-232213,,,,,,"2025-02-16 01:03:09"
1650071,UCR-233146B,,,,,,"2025-02-16 01:03:09"
1652556,UCR-235300,,,,,,"2025-02-16 01:03:09"
1652583,UCR-235280,,,,,,"2025-02-16 01:03:09"
1653991,UCR-236879,,,,,,"2025-02-16 01:03:09"
1654175,UCR-237562,,,,,,"2025-02-16 01:03:09"
1654191,UCR-237465,,,,,,"2025-02-16 01:03:09"
1654228,UCR-237587,,,,,,"2025-02-16 01:03:09"
1654238,UCR-237590,,,,,,"2025-02-16 01:03:09"
1654256,UCR-237330,,,,,,"2025-02-16 01:03:09"
1654990,UCR-237805,,,,,,"2025-02-16 01:03:09"
1655005,UCR-237896,,,,,,"2025-02-16 01:03:09"
1655320,UCR-238436,,,,,,"2025-02-16 01:03:09"
1655697,UCR-238592,,,,,,"2025-02-16 01:03:09"
1655769,UCR-238965,,,,,,"2025-02-16 01:03:09"
1656222,UCR-227784,,,,,,"2025-02-16 01:03:09"
1656953,UCR-239735,,,,,,"2025-02-16 01:03:09"
1657455,UCR-240257,,,,,,"2025-02-16 01:03:09"
1660267,UCR-242796,,,,,,"2025-02-16 01:03:09"
1660287,UCR-242767,,,,,,"2025-02-16 01:03:09"
1660296,UCR-242844,,,,,,"2025-02-16 01:03:09"
1666111,UCR-249547,,,,,,"2025-02-16 01:03:09"
1667093,UCR-245048,,,,,,"2025-02-16 01:03:09"
1667960,UCR-249930,,,,,,"2025-02-16 01:03:09"
1668895,UCR-252011,,,,,,"2025-02-16 01:03:09"
1669580,UCR-249452,,,,,,"2025-02-16 01:03:09"
1670844,UCR-253815,,,,,,"2025-02-16 01:03:09"
1671045,UCR-253243,,,,,,"2025-02-16 01:03:09"
1671086,UCR-253608,,,,,,"2025-02-16 01:03:09"
1674028,UCR-257577,,,,,,"2025-02-16 01:03:09"
1674069,UCR-257003,,,,,,"2025-02-16 01:03:09"
1674937,UCR-258225,,,,,,"2025-02-16 01:03:09"
1675351,UCR-258952,,,,,,"2025-02-16 01:03:09"
1675373,UCR-258848,,,,,,"2025-02-16 01:03:09"
1675381,UCR-258847,,,,,,"2025-02-16 01:03:09"
1676594,UCR-259977,,,,,,"2025-02-16 01:03:09"
1679006,UCR-262183,,,,,,"2025-02-16 01:03:09"
1679520,UCR-262445,,,,,,"2025-02-16 01:03:09"
1687752,UCR-272997,,,,,,"2025-02-16 01:03:09"
1695490,UCR-278839,,,,,,"2025-02-16 01:03:09"
1696723,UCR-274077,,,,,,"2025-02-16 01:03:09"
1697342,UCR-274340,,,,,,"2025-02-16 01:03:09"
1699178,UCR-282596,,,,,,"2025-02-16 01:03:09"
1702201,UCR-285077,,,,,,"2025-02-16 01:03:09"
1767307,HSC-12337,"Accession Number",,,,,"2023-02-03 15:59:44"
1767614,HSC-12702,"Accession Number",,,,,"2023-02-03 13:57:50"
1773597,HSC-22009,"Accession Number",,,,,"2023-02-03 13:59:18"
1776466,HSC-26768,"Accession Number",,,,,"2023-02-03 13:55:58"
1777507,HSC-28225,"Accession Number",,,,,"2023-02-03 16:01:08"
1777873,HSC-28991,"Accession Number",,,,,"2023-02-03 16:00:50"
1777902,HSC-29055,"Accession Number",,,,,"2023-02-03 13:59:00"
1781883,HSC-34802,"Accession Number",,,,,"2023-02-03 14:05:11"
1784768,HSC-38311,"Accession Number",,,,,"2023-02-03 14:00:28"
1784799,HSC-38347,"Accession Number",,,,,"2023-02-03 13:55:04"
1786046,HSC-39793,"Accession Number",,,,,"2023-02-03 13:57:32"
1786214,HSC-39977,"Accession Number",,,,,"2023-02-03 13:54:35"
1793219,HSC-48381,"Accession Number",,,,,"2023-02-03 13:55:32"
1800936,HSC-59688,"Accession Number",,,,,"2023-02-03 16:00:34"
1804476,HSC-64069,"Accession Number",,,,,"2023-02-03 13:59:55"
1804478,HSC-64070,"Accession Number",,,,,"2023-02-03 13:59:39"
1806660,HSC-66421,"Accession Number",,,,,"2023-02-03 14:05:39"
1808927,HSC-6885,"Accession Number",,,,,"2023-02-03 16:01:56"
1808938,HSC-6886,"Accession Number",,,,,"2023-02-03 16:01:42"
1808949,HSC-6887,"Accession Number",,,,,"2023-02-03 16:00:12"
1808960,HSC-6888,"Accession Number",,,,,"2023-02-03 16:01:25"
1808970,HSC-6889,"Accession Number",,,,,"2023-02-03 15:59:24"
1826582,HSC-89466,"Accession Number",,,,,"2023-02-03 13:58:08"
1826642,HSC-89520,"Accession Number",,,,,"2023-02-03 13:58:26"
1828885,HSC-92525,"Accession Number",,,,,"2023-02-03 13:56:19"
1829694,HSC-93407,"Accession Number",,,,,"2023-02-03 16:02:12"
1895626,073404,,,,,,"2022-04-26 14:30:45"
1937798,SD80220,,,,,,"2025-02-25 15:44:06"
1937799,SD86872,,,,,,"2025-02-25 15:44:06"
1937800,SD87129,,,,,,"2025-02-25 15:44:06"
1937801,SD97276,,,,,,"2025-02-25 15:44:06"
1937802,SD98808,,,,,,"2025-02-25 15:44:06"
1937803,SD101217,,,,,,"2025-02-25 15:44:06"
1937804,SD104339,,,,,,"2025-02-25 15:44:06"
1937805,SD105426,,,,,,"2025-02-25 15:44:06"
1937806,SD105945,,,,,,"2025-02-25 15:44:06"
1937807,SD119484,,,,,,"2025-02-25 15:44:06"
1937808,SD122223,,,,,,"2025-02-25 15:44:06"
1937809,SD125088,,,,,,"2025-02-25 15:44:06"
1937810,SD179240,,,,,,"2025-02-25 15:44:06"
1937811,SD182684,,,,,,"2025-02-25 15:44:06"
1937812,SD222922,,,,,,"2025-02-25 15:44:06"
1937813,SD226915,,,,,,"2025-02-25 15:44:06"
1937814,SD248362,,,,,,"2025-02-25 15:44:06"
2197161,DAV212246,"Accession #",,,,,"2022-04-08 08:11:26"
2262520,2522,,,,,,"2025-02-16 00:36:49"
2890234,SD270765,,,,,,"2025-02-25 15:44:06"
2914773,90318,SBBG_old,,,,,"2022-11-17 18:28:36"
2914779,142982,SBBG_old,,,,,"2022-11-17 18:28:36"
2963303,DAV230737,"Accession #",,,,,"2022-04-08 08:11:26"
3113066,SD19601,,,,,,"2025-02-25 15:44:06"
3113067,SD271788,,,,,,"2025-02-25 15:44:06"
3113068,SD271789,,,,,,"2025-02-25 15:44:06"
3113069,SD271790,,,,,,"2025-02-25 15:44:06"
3591679,UCR-289679,,,,,,"2025-02-16 01:03:09"
3611826,486,,,,,,"2023-07-05 15:05:49"
3612020,680,,,,,,"2023-07-04 13:25:49"
3615443,4103,,,,,,"2023-11-18 17:50:06"
3620050,SD271455,,,,,,"2025-02-25 15:44:06"
3620051,SD272265,,,,,,"2025-02-25 15:44:06"
3669165,HSC-104822,"Accession Number",,,,,"2023-02-03 14:02:44"
3700295,SD273557,,,,,,"2025-02-25 15:44:06"
3700296,SD273558,,,,,,"2025-02-25 15:44:06"
3700297,SD273559,,,,,,"2025-02-25 15:44:06"
3700298,SD273887,,,,,,"2025-02-25 15:44:06"
3700299,SD273888,,,,,,"2025-02-25 15:44:06"
3726377,000004,,,,,,"2022-04-28 16:07:11"
3726378,000005,,,,,,"2022-04-28 16:04:16"
3751456,SD274923,,,,,,"2025-02-25 15:44:06"
3751457,SD275292,,,,,,"2025-02-25 15:44:06"
3774848,SD275430,,,,,,"2025-02-25 15:44:06"
3774849,SD275431,,,,,,"2025-02-25 15:44:06"
3776574,DAV234081,"Accession #",,,,,"2022-04-08 08:11:26"
3776580,DAV234082,"Accession #",,,,,"2022-04-08 08:11:26"
3776588,DAV234083,"Accession #",,,,,"2022-04-08 08:11:26"
3791446,858075,"RSA accession",,,,,"2022-04-05 13:55:30"
3805929,869364,"RSA accession",,,,,"2022-04-05 13:55:30"
3808605,871382,"RSA accession",,,,,"2022-04-05 13:55:30"
3810276,806597,RSA,,,,,"2025-12-17 09:06:26"
3810277,806598,RSA,,,,,"2025-12-17 09:02:16"
3810278,806596,RSA,,,,,"2025-12-17 09:11:23"
3810700,872039,"RSA accession",,,,,"2022-04-05 13:55:30"
3815086,873843,"RSA accession",,,,,"2022-04-05 13:55:30"
3823822,UCR-291075,,,,,,"2025-02-16 01:03:09"
3829494,878570,"RSA accession",,,,,"2022-04-05 13:55:30"
3830630,889149,"RSA accession",,,,,"2022-04-05 13:55:30"
3831698,878601,"RSA accession",,,,,"2022-04-05 13:55:30"
3838512,878561,"RSA accession",,,,,"2022-04-05 13:55:30"
3840150,883954,"RSA accession",,,,,"2022-04-05 13:55:30"
3841582,889451,"RSA accession",,,,,"2022-04-05 13:55:30"
3847652,876544,"RSA accession",,,,,"2022-04-05 13:55:30"
3904070,LA212266,,,,,,"2024-01-24 11:26:28"
3904072,LA212244,,,,,,"2024-01-24 11:11:05"
3904081,LA35603,,,,,,"2024-02-05 15:53:17"
3904095,LA105493,,,,,,"2024-01-23 09:42:16"
3925192,DAV165291,"Accession #",,,,,"2022-04-08 08:11:26"
3925407,DAV203253,"Accession #",,,,,"2022-04-08 08:11:26"
3929837,DAV121587,"Accession #",,,,,"2022-04-08 08:11:26"
3941717,658474B,"RSA accession",,,,,"2022-04-05 13:55:30"
3948377,614931,RSA,,,,,"2025-12-17 09:42:19"
3948441,597249,RSA,,,,,"2025-12-18 09:16:40"
3948475,658271,RSA,,,,,"2025-12-18 11:02:51"
3948477,657616,RSA,,,,,"2025-12-18 11:16:03"
3948485,511353,RSA,,,,,"2025-12-18 11:49:22"
3948497,657677,RSA,,,,,"2025-12-18 12:28:56"
3948500,658175,RSA,,,,,"2025-12-18 13:08:03"
3948534,657655,RSA,,,,,"2026-01-06 14:09:49"
3948538,658548,RSA,,,,,"2026-01-06 13:42:45"
3963071,SD277371,,,,,,"2025-02-25 15:44:06"
3963072,SD277372,,,,,,"2025-02-25 15:44:06"
3969450,718252,"Old CAS Accession #",,,,,"2026-01-13 17:35:08"
3980864,"SEKI 17507",,,,,,"2025-10-09 14:56:39"
3981334,"SEKI 360",,,,,,"2025-10-09 15:10:36"
3981336,"SEKI 363",,,,,,"2025-10-09 15:10:15"
4064454,4136,,,,,,"2024-08-01 13:07:32"
4126372,273401,"POM accession",,,,,"2022-04-05 13:40:26"
4457537,1753,3794,,,,,"2022-12-01 21:57:05"
4458927,2794,3572,,,,,"2022-12-01 21:56:08"
4458930,4975,9631,,,,,"2022-12-01 21:55:38"
4459156,2795,4879,,,,,"2022-12-01 22:00:54"
4460311,2877,5166,,,,,"2022-12-01 21:59:11"
4460478,11019,13214,,,,,"2022-12-01 22:03:31"
4460519,31408,22035,,,,,"2022-12-01 22:02:28"
4465868,2033,3941,,,,,"2022-12-01 22:05:10"
4471174,3432,4267,,,,,"2022-12-01 21:58:00"
4472711,3434,2321,,,,,"2022-12-01 21:59:35"
4480533,10401,13049,,,,,"2022-12-01 21:55:13"
4485099,2014,4489,,,,,"2022-12-01 21:58:48"
4488222,5269,5372,,,,,"2022-12-01 21:53:00"
4665582,SD279470,,,,,,"2025-02-25 15:44:06"
4665583,SD279471,,,,,,"2025-02-25 15:44:06"
5068456,24116,,,,,,"2022-09-06 13:45:57"
5082640,SD278325,,,,,,"2025-02-25 15:44:06"
5084121,893464,"RSA accession",,,,,"2022-04-05 13:55:30"
5084126,893465,"RSA accession",,,,,"2022-04-05 13:55:30"
5549192,25094,,,,,,"2022-11-09 12:56:16"
5723178,1555,PINN,,,,,"2023-04-17 09:11:22"
5764054,UCR-299637,,,,,,"2025-02-16 01:03:09"
5776205,DAV243575,"Accession #",,,,,"2024-02-23 18:42:26"
5778835,916229,"RSA accession",,,,,"2023-03-28 17:58:38"
5800340,901803,"RSA accession",,,,,"2023-05-08 18:36:34"
5858241,917665,"RSA accession",,,,,"2023-08-02 12:01:15"
5865998,BMR00277,"Accession #",,,,,"2025-04-25 17:16:59"
5865999,BMR00278,"Accession #",,,,,"2025-04-25 17:07:15"
5866000,BMR00279,"Accession #",,,,,"2025-04-25 17:15:05"
5866001,BMR00280,"Accession #",,,,,"2025-04-25 17:12:47"
5866002,BMR00281,"Accession #",,,,,"2025-04-25 17:03:20"
5866004,BMR00284,"Accession #",,,,,"2025-04-25 17:18:47"
5934188,SD285420,,,,,,"2025-02-25 15:44:06"
5996911,SD285815,,,,,,"2025-02-25 15:44:06"
6003808,DAV244422,"Accession #",,,,,"2024-04-29 14:00:53"
6014478,SD286201,,,,,,"2025-02-25 15:44:06"
6017874,DAV244777,"Accession #",,,,,"2024-06-05 17:04:37"
6032849,SD286375,,,,,,"2025-02-25 15:44:06"
6049125,DAV245571,"Accession #",,,,,"2024-08-30 12:21:46"
6053255,DAV245704,"Accession #",,,,,"2024-09-06 15:47:59"
6060293,569679,"RSA accession",,,,,"2025-05-21 12:58:58"
6060295,577930,"RSA accession",,,,,"2025-05-21 13:02:29"
6060306,144243,"POM accession",,,,,"2025-04-30 15:06:18"
6072327,912228,"RSA accession",,,,,"2024-10-21 13:27:53"
6086728,767,WHIS,,,,,"2024-12-12 17:45:38"
6520776,921528,"RSA accession",,,,,"2025-06-02 11:56:14"
6521693,921594,"RSA accession",,,,,"2025-06-04 12:03:25"
6522697,0250,"Sedgwick Reserve catalog number",,,,,"2025-11-01 20:48:22"
6530960,921300,"RSA accession",,,,,"2025-07-02 13:13:58"
6779828,SD290134,,,,,,"2025-09-08 17:58:20"
6839865,IRVC36399,,,,,,"2026-02-23 23:31:54"
6892199,IRVC38156,,,,,,"2026-03-05 15:37:07"
